Mol_Index,PAH,S1,T1,STG
BNPAH_16952,55,1.31,1.319,-0.009
BNPAH_16546,54,1.416,1.436,-0.02
BNPAH_13758,50,0.99,1.003,-0.013
BNPAH_15347,52,0.752,0.751,0.001
BNPAH_02078,15,1.351,1.368,-0.017
BNPAH_15035,52,1.243,1.2,0.043
BNPAH_16772,54,0.817,0.829,-0.012
BNPAH_15397,52,0.891,0.907,-0.016
BNPAH_15060,52,1.064,1.102,-0.038
BNPAH_08404,36,1.466,1.46,0.006
BNPAH_13733,50,1.2,1.156,0.044
BNPAH_15028,52,1.538,1.525,0.013
BNPAH_09002,38,0.919,0.912,0.007
BNPAH_15103,52,1.035,0.994,0.041
BNPAH_24700,67,1.711,1.657,0.054
BNPAH_05699,26,1.439,1.456,-0.017
BNPAH_21962,63,1.243,1.262,-0.019
BNPAH_09000,38,0.88,0.866,0.014
BNPAH_22012,63,1.606,1.581,0.025
BNPAH_16902,55,1.491,1.476,0.015
BNPAH_17424,55,1.186,1.206,-0.02
BNPAH_16333,54,1.765,1.663,0.102
BNPAH_17426,55,1.177,1.184,-0.007
BNPAH_29978,75,0.737,0.686,0.051
BNPAH_16283,54,1.437,1.455,-0.018
BNPAH_29712,75,0.584,0.596,-0.012
BNPAH_22735,64,1.57,1.555,0.015
BNPAH_13368,49,1.302,1.295,0.007
BNPAH_16704,54,1.273,1.258,0.015
BNPAH_19093,58,0.685,0.704,-0.019
BNPAH_17095,55,1.121,1.151,-0.03
BNPAH_10768,44,0.501,0.135,0.366
BNPAH_13466,49,1.224,1.239,-0.015
BNPAH_16950,55,1.239,1.227,0.012
BNPAH_17036,55,1.467,1.459,0.008
BNPAH_29828,75,0.864,0.824,0.04
BNPAH_03363,20,1.799,1.75,0.049
BNPAH_08746,37,1.039,1.062,-0.023
BNPAH_24661,67,1.514,1.489,0.025
BNPAH_03361,20,1.33,1.329,0.001
BNPAH_08753,37,1.209,1.2,0.009
BNPAH_15399,52,1.085,1.086,-0.001
BNPAH_16485,54,1.027,1.043,-0.016
BNPAH_29803,75,1.505,1.488,0.017
BNPAH_08694,37,0.738,0.491,0.247
BNPAH_24734,67,1.468,1.424,0.044
BNPAH_07033,32,1.407,1.362,0.045
BNPAH_07422,33,0.647,0.646,0.001
BNPAH_17645,56,1.533,1.482,0.051
BNPAH_08415,36,0.853,0.849,0.004
BNPAH_17373,55,1.643,1.644,-0.001
BNPAH_22563,63,1.525,1.518,0.007
BNPAH_18081,56,0.607,0.628,-0.021
BNPAH_25758,69,0.936,0.956,-0.02
BNPAH_22466,63,1.33,1.318,0.012
BNPAH_01968,15,1.568,1.57,-0.002
BNPAH_07417,33,0.691,0.694,-0.003
BNPAH_09553,40,1.426,1.433,-0.007
BNPAH_14432,51,0.861,0.87,-0.009
BNPAH_17063,55,1.037,1.053,-0.016
BNPAH_14452,51,1.569,1.553,0.016
BNPAH_16702,54,1.229,1.236,-0.007
BNPAH_09052,38,0.905,0.876,0.029
BNPAH_16948,55,1.27,1.263,0.007
BNPAH_13757,50,0.921,0.885,0.036
BNPAH_26334,70,0.546,0.504,0.042
BNPAH_06958,32,0.505,0.545,-0.04
BNPAH_15172,52,1.547,1.522,0.025
BNPAH_14459,51,0.58,0.586,-0.006
BNPAH_14648,51,0.893,0.828,0.065
BNPAH_08032,35,1.651,1.621,0.03
BNPAH_26573,70,0.189,0.233,-0.044
BNPAH_10030,41,0.268,0.285,-0.017
BNPAH_14431,51,1.053,1.004,0.049
BNPAH_22513,63,1.679,1.642,0.037
BNPAH_16722,54,0.619,0.609,0.01
BNPAH_05647,26,1.284,1.29,-0.006
BNPAH_15449,52,1.545,1.437,0.108
BNPAH_17888,56,0.527,0.501,0.026
BNPAH_13947,50,1.019,0.994,0.025
BNPAH_29707,75,1.04,0.974,0.066
BNPAH_13556,49,1.219,1.199,0.02
BNPAH_14456,51,0.673,0.675,-0.002
BNPAH_16647,54,1.486,1.453,0.033
BNPAH_12677,48,1.634,1.542,0.092
BNPAH_14724,51,0.775,0.478,0.297
BNPAH_03352,20,1.634,1.589,0.045
BNPAH_03602,20,1.347,1.363,-0.016
BNPAH_10524,43,1.349,1.323,0.026
BNPAH_22454,63,1.635,1.6,0.035
BNPAH_13755,50,0.672,0.675,-0.003
BNPAH_17045,55,1.236,1.254,-0.018
BNPAH_24724,67,0.848,0.849,-0.001
BNPAH_09061,38,1.223,1.098,0.125
BNPAH_12282,47,1.311,1.376,-0.065
BNPAH_14674,51,0.682,0.646,0.036
BNPAH_16654,54,1.095,1.108,-0.013
BNPAH_08896,38,1.291,1.272,0.019
BNPAH_10474,43,1.146,1.157,-0.011
BNPAH_15058,52,1.0,0.96,0.04
BNPAH_27066,71,0.272,0.309,-0.037
BNPAH_12281,47,1.185,1.192,-0.007
BNPAH_14047,50,0.759,0.766,-0.007
BNPAH_08667,37,1.188,1.193,-0.005
BNPAH_11892,46,1.272,1.335,-0.063
BNPAH_13464,49,1.3,1.307,-0.007
BNPAH_15349,52,0.883,0.868,0.015
BNPAH_08494,37,0.698,0.708,-0.01
BNPAH_22005,63,1.353,1.35,0.003
BNPAH_12280,47,1.105,1.209,-0.104
BNPAH_16822,54,1.479,1.501,-0.022
BNPAH_07131,32,1.318,1.297,0.021
BNPAH_09166,39,0.248,0.281,-0.033
BNPAH_19264,58,0.617,0.199,0.418
BNPAH_22009,63,0.737,0.736,0.001
BNPAH_15271,52,1.057,1.032,0.025
BNPAH_17476,55,0.577,0.617,-0.04
BNPAH_08622,37,0.592,0.623,-0.031
BNPAH_17943,56,0.648,0.616,0.032
BNPAH_27057,71,1.704,1.712,-0.008
BNPAH_12284,47,1.343,1.424,-0.081
BNPAH_13732,50,0.885,0.88,0.005
BNPAH_03140,19,1.665,1.654,0.011
BNPAH_11890,46,1.02,1.065,-0.045
BNPAH_11895,46,1.239,1.267,-0.028
BNPAH_15447,52,1.456,1.369,0.087
BNPAH_29018,74,0.614,0.596,0.018
BNPAH_14799,51,1.089,1.046,0.043
BNPAH_13754,50,1.15,1.094,0.056
BNPAH_13730,50,0.706,0.752,-0.046
BNPAH_16821,54,1.672,1.562,0.11
BNPAH_18659,57,1.948,1.884,0.064
BNPAH_02993,19,1.58,1.535,0.045
BNPAH_15221,52,1.302,1.299,0.003
BNPAH_18417,57,0.426,0.48,-0.054
BNPAH_29528,74,1.166,1.119,0.047
BNPAH_26808,70,1.832,1.776,0.056
BNPAH_30003,75,0.915,0.876,0.039
BNPAH_08284,36,1.579,1.55,0.029
BNPAH_08644,37,0.954,0.958,-0.004
BNPAH_13213,49,1.488,1.459,0.029
BNPAH_16358,54,1.661,1.642,0.019
BNPAH_29143,74,0.685,0.647,0.038
BNPAH_12355,47,0.624,0.636,-0.012
BNPAH_13897,50,0.703,0.662,0.041
BNPAH_21453,62,0.921,0.893,0.028
BNPAH_05656,26,0.761,0.805,-0.044
BNPAH_15053,52,1.239,1.167,0.072
BNPAH_19092,58,0.097,0.121,-0.024
BNPAH_22443,63,0.973,0.959,0.014
BNPAH_08282,36,0.972,0.942,0.03
BNPAH_15030,52,1.337,1.289,0.048
BNPAH_16752,54,0.764,0.781,-0.017
BNPAH_27333,71,1.787,1.833,-0.046
BNPAH_09272,39,0.286,0.275,0.011
BNPAH_18333,57,1.908,1.888,0.02
BNPAH_20156,60,0.291,0.266,0.025
BNPAH_27226,71,1.845,1.836,0.009
BNPAH_07008,32,1.13,1.144,-0.014
BNPAH_13972,50,0.735,0.672,0.063
BNPAH_27451,71,0.274,0.304,-0.03
BNPAH_29903,75,0.256,0.283,-0.027
BNPAH_20497,60,0.575,0.595,-0.02
BNPAH_27068,71,0.636,0.311,0.325
BNPAH_16233,54,0.679,0.697,-0.018
BNPAH_16433,54,0.431,0.432,-0.001
BNPAH_18423,57,1.866,1.879,-0.013
BNPAH_17605,56,0.294,0.333,-0.039
BNPAH_26076,69,0.911,0.898,0.013
BNPAH_29687,75,0.773,0.743,0.03
BNPAH_14072,50,1.251,1.146,0.105
BNPAH_07421,33,0.075,0.065,0.01
BNPAH_13750,50,1.496,1.5,-0.004
BNPAH_18614,57,0.631,0.637,-0.006
BNPAH_29706,75,1.641,1.651,-0.01
BNPAH_03644,20,1.824,1.781,0.043
BNPAH_07081,32,0.623,0.646,-0.023
BNPAH_09626,40,1.079,1.053,0.026
BNPAH_27766,72,0.795,0.828,-0.033
BNPAH_14549,51,1.439,1.388,0.051
BNPAH_27978,72,1.027,0.979,0.048
BNPAH_29953,75,0.399,0.418,-0.019
BNPAH_08624,37,0.797,0.794,0.003
BNPAH_18598,57,1.785,1.765,0.02
BNPAH_19796,59,0.141,0.176,-0.035
BNPAH_25763,69,0.977,0.957,0.02
BNPAH_27526,71,0.6,0.585,0.015
BNPAH_07324,33,0.307,0.306,0.001
BNPAH_26532,70,1.596,1.521,0.075
BNPAH_13807,50,0.919,0.902,0.017
BNPAH_26915,70,0.971,0.939,0.032
BNPAH_18902,58,0.656,0.371,0.285
BNPAH_08592,37,1.399,1.362,0.037
BNPAH_09194,39,0.126,0.132,-0.006
BNPAH_11893,46,1.43,1.43,0.0
BNPAH_05697,26,1.692,1.643,0.049
BNPAH_08620,37,1.059,1.033,0.026
BNPAH_12632,48,1.626,1.558,0.068
BNPAH_17460,55,1.053,1.018,0.035
BNPAH_17608,56,0.365,0.374,-0.009
BNPAH_18880,58,0.318,0.293,0.025
BNPAH_19094,58,0.83,0.813,0.017
BNPAH_07347,33,0.981,0.974,0.007
BNPAH_09219,39,0.615,0.248,0.367
BNPAH_12302,47,1.01,1.04,-0.03
BNPAH_05368,24,1.455,1.386,0.069
BNPAH_12286,47,1.25,1.271,-0.021
BNPAH_12634,48,1.545,1.515,0.03
BNPAH_26579,70,1.635,1.601,0.034
BNPAH_14457,51,0.709,0.663,0.046
BNPAH_17318,55,1.498,1.484,0.014
BNPAH_19814,59,0.305,0.299,0.006
BNPAH_20258,60,0.6,0.604,-0.004
BNPAH_24386,67,0.93,0.963,-0.033
BNPAH_26770,70,0.969,0.965,0.004
BNPAH_27276,71,1.574,1.501,0.073
BNPAH_18592,57,0.762,0.46,0.302
BNPAH_18759,57,0.648,0.649,-0.001
BNPAH_26596,70,0.668,0.314,0.354
BNPAH_27734,72,0.762,0.777,-0.015
BNPAH_29016,74,0.776,0.755,0.021
BNPAH_13098,49,1.414,1.379,0.035
BNPAH_15222,52,1.072,1.011,0.061
BNPAH_20775,61,1.811,1.762,0.049
BNPAH_22062,63,1.306,1.229,0.077
BNPAH_22279,63,2.034,1.987,0.047
BNPAH_04864,23,1.438,1.421,0.017
BNPAH_12884,48,1.359,1.317,0.042
BNPAH_14437,51,1.538,1.446,0.092
BNPAH_19739,59,0.628,0.299,0.329
BNPAH_20055,59,0.5,0.203,0.297
BNPAH_21407,62,0.879,0.88,-0.001
BNPAH_30543,76,0.867,0.929,-0.062
BNPAH_12882,48,1.482,1.473,0.009
BNPAH_13847,50,1.488,1.473,0.015
BNPAH_20727,60,0.622,0.343,0.279
BNPAH_20785,61,1.305,1.309,-0.004
BNPAH_22370,63,0.553,0.588,-0.035
BNPAH_10518,43,0.414,0.413,0.001
BNPAH_13355,49,1.233,1.205,0.028
BNPAH_14049,50,1.229,1.215,0.014
BNPAH_18906,58,0.119,0.17,-0.051
BNPAH_19867,59,0.537,0.513,0.024
BNPAH_07424,33,0.575,0.283,0.292
BNPAH_08051,35,1.251,1.235,0.016
BNPAH_12212,47,1.113,1.062,0.051
BNPAH_16533,54,1.087,1.023,0.064
BNPAH_16804,54,0.993,0.97,0.023
BNPAH_18183,57,0.75,0.445,0.305
BNPAH_19481,59,0.504,0.212,0.292
BNPAH_19717,59,0.674,0.329,0.345
BNPAH_20562,60,1.384,1.38,0.004
BNPAH_27928,72,0.552,0.544,0.008
BNPAH_28413,73,0.541,0.497,0.044
BNPAH_07880,35,1.568,1.547,0.021
BNPAH_09271,39,0.126,0.138,-0.012
BNPAH_16802,54,0.879,0.865,0.014
BNPAH_22464,63,1.427,1.422,0.005
BNPAH_29762,75,0.451,0.448,0.003
BNPAH_09141,39,0.108,0.16,-0.052
BNPAH_12309,47,0.857,0.878,-0.021
BNPAH_13808,50,1.305,1.216,0.089
BNPAH_13997,50,0.707,0.711,-0.004
BNPAH_14624,51,1.153,1.065,0.088
BNPAH_18852,58,0.725,0.743,-0.018
BNPAH_18877,58,0.893,0.887,0.006
BNPAH_19579,59,0.177,0.202,-0.025
BNPAH_20153,60,0.614,0.308,0.306
BNPAH_30078,75,1.632,1.54,0.092
BNPAH_05654,26,0.648,0.669,-0.021
BNPAH_08517,37,0.586,0.336,0.25
BNPAH_08894,38,1.267,1.209,0.058
BNPAH_22237,63,2.008,1.941,0.067
BNPAH_24411,67,0.699,0.735,-0.036
BNPAH_27576,71,0.423,0.38,0.043
BNPAH_29980,75,0.793,0.499,0.294
BNPAH_09407,39,0.111,0.103,0.008
BNPAH_09408,39,0.158,0.163,-0.005
BNPAH_25104,68,1.088,0.989,0.099
BNPAH_18072,56,1.732,1.653,0.079
BNPAH_18075,56,2.166,2.117,0.049
BNPAH_18258,57,0.336,0.343,-0.007
BNPAH_07558,33,0.104,0.125,-0.021
BNPAH_13756,50,0.797,0.782,0.015
BNPAH_22063,63,1.449,1.411,0.038
BNPAH_27016,71,0.865,0.53,0.335
BNPAH_27501,71,0.32,0.344,-0.024
BNPAH_02992,19,1.789,1.682,0.107
BNPAH_09060,38,0.934,0.96,-0.026
BNPAH_11732,46,1.167,1.166,0.001
BNPAH_14121,50,1.924,1.849,0.075
BNPAH_15108,52,0.952,0.897,0.055
BNPAH_15272,52,0.898,0.836,0.062
BNPAH_20151,60,0.697,0.41,0.287
BNPAH_04042,21,1.217,1.3,-0.083
BNPAH_09726,40,1.28,1.249,0.031
BNPAH_11894,46,1.198,1.322,-0.124
BNPAH_17453,55,1.094,1.039,0.055
BNPAH_26332,70,0.264,0.264,0.0
BNPAH_11891,46,1.147,1.1,0.047
BNPAH_14649,51,0.895,0.556,0.339
BNPAH_19114,58,0.723,0.422,0.301
BNPAH_19812,59,0.341,0.308,0.033
BNPAH_27423,71,0.106,0.129,-0.023
BNPAH_30551,76,0.714,0.783,-0.069
BNPAH_09191,39,0.65,0.688,-0.038
BNPAH_12519,48,0.956,0.965,-0.009
BNPAH_02361,17,1.425,1.432,-0.007
BNPAH_04046,21,1.316,1.418,-0.102
BNPAH_18176,57,0.721,0.419,0.302
BNPAH_18827,58,0.183,0.206,-0.023
BNPAH_19792,59,0.13,0.152,-0.022
BNPAH_28103,72,0.79,0.803,-0.013
BNPAH_28569,73,0.347,0.354,-0.007
BNPAH_29607,75,0.462,0.077,0.385
BNPAH_09795,41,0.194,0.182,0.012
BNPAH_14022,50,0.852,0.78,0.072
BNPAH_16875,55,0.354,0.392,-0.038
BNPAH_17598,56,1.585,1.57,0.015
BNPAH_27537,71,0.599,0.579,0.02
BNPAH_30077,75,1.782,1.717,0.065
BNPAH_03560,20,1.18,1.158,0.022
BNPAH_18754,57,0.199,0.197,0.002
BNPAH_19842,59,0.524,0.24,0.284
BNPAH_20256,60,0.532,0.539,-0.007
BNPAH_20547,60,0.645,0.651,-0.006
BNPAH_26623,70,0.851,0.546,0.305
BNPAH_29529,74,1.403,1.291,0.112
BNPAH_07038,32,0.764,0.752,0.012
BNPAH_08281,36,1.714,1.585,0.129
BNPAH_22539,63,1.851,1.809,0.042
BNPAH_25951,69,0.902,0.904,-0.002
BNPAH_26184,69,1.127,1.099,0.028
BNPAH_29713,75,0.932,0.843,0.089
BNPAH_03717,21,1.247,1.306,-0.059
BNPAH_07142,32,2.163,2.104,0.059
BNPAH_07367,33,0.971,0.97,0.001
BNPAH_10521,43,0.294,0.291,0.003
BNPAH_17115,55,0.455,0.48,-0.025
BNPAH_26766,70,2.142,2.123,0.019
BNPAH_27759,72,0.635,0.661,-0.026
BNPAH_27764,72,0.545,0.541,0.004
BNPAH_29928,75,0.905,0.809,0.096
BNPAH_16852,55,1.018,0.958,0.06
BNPAH_16995,55,1.628,1.539,0.089
BNPAH_19871,59,0.796,0.451,0.345
BNPAH_07349,33,0.76,0.745,0.015
BNPAH_18610,57,1.885,1.834,0.051
BNPAH_18802,58,0.329,0.376,-0.047
BNPAH_25756,69,0.67,0.679,-0.009
BNPAH_30549,76,1.005,1.091,-0.086
BNPAH_07036,32,0.589,0.571,0.018
BNPAH_09173,39,0.648,0.283,0.365
BNPAH_12574,48,1.915,1.873,0.042
BNPAH_18855,58,0.222,0.219,0.003
BNPAH_28078,72,0.805,0.701,0.104
BNPAH_05169,24,1.498,1.393,0.105
BNPAH_05813,27,0.559,0.533,0.026
BNPAH_10672,43,0.501,0.479,0.022
BNPAH_12815,48,0.656,0.644,0.012
BNPAH_14090,50,0.414,0.109,0.305
BNPAH_18326,57,1.907,1.924,-0.017
BNPAH_19095,58,0.74,0.414,0.326
BNPAH_19268,58,0.869,0.874,-0.005
BNPAH_20493,60,0.633,0.271,0.362
BNPAH_24436,67,1.004,0.945,0.059
BNPAH_05756,26,0.535,0.554,-0.019
BNPAH_06706,31,1.559,1.516,0.043
BNPAH_10449,43,0.746,0.417,0.329
BNPAH_18383,57,1.595,1.519,0.076
BNPAH_20418,60,0.186,0.213,-0.027
BNPAH_25616,68,0.794,0.73,0.064
BNPAH_03354,20,1.206,1.152,0.054
BNPAH_11473,46,1.303,1.352,-0.049
BNPAH_12041,47,1.373,1.431,-0.058
BNPAH_16535,54,1.124,1.098,0.026
BNPAH_20131,60,0.131,0.15,-0.019
BNPAH_21455,62,1.058,0.996,0.062
BNPAH_27236,71,1.859,1.864,-0.005
BNPAH_14507,51,0.644,0.32,0.324
BNPAH_20158,60,0.742,0.421,0.321
BNPAH_24823,67,1.075,1.151,-0.076
BNPAH_25976,69,0.604,0.523,0.081
BNPAH_28003,72,0.397,0.361,0.036
BNPAH_29708,75,0.941,0.909,0.032
BNPAH_06020,28,1.223,1.206,0.017
BNPAH_09008,38,0.857,0.843,0.014
BNPAH_16290,54,1.397,1.415,-0.018
BNPAH_20788,61,1.39,1.361,0.029
BNPAH_24723,67,1.176,1.207,-0.031
BNPAH_26673,70,0.19,0.171,0.019
BNPAH_29066,74,0.824,0.764,0.06
BNPAH_10967,44,0.779,0.386,0.393
BNPAH_15037,52,1.712,1.653,0.059
BNPAH_20542,60,0.439,0.193,0.246
BNPAH_22635,64,1.393,1.388,0.005
BNPAH_22738,64,1.201,1.189,0.012
BNPAH_27344,71,0.93,0.6,0.33
BNPAH_29767,75,1.459,1.395,0.064
BNPAH_20005,59,0.261,0.262,-0.001
BNPAH_22059,63,0.413,0.399,0.014
BNPAH_25901,69,0.527,0.547,-0.02
BNPAH_28678,73,0.742,0.385,0.357
BNPAH_07419,33,0.295,0.268,0.027
BNPAH_09172,39,0.261,0.183,0.078
BNPAH_10770,44,0.462,0.327,0.135
BNPAH_13052,49,0.716,0.723,-0.007
BNPAH_17474,55,0.584,0.622,-0.038
BNPAH_19169,58,0.311,0.281,0.03
BNPAH_19721,59,0.632,0.349,0.283
BNPAH_26723,70,0.58,0.312,0.268
BNPAH_29905,75,0.299,0.338,-0.039
BNPAH_09197,39,0.35,0.328,0.022
BNPAH_14960,52,0.133,0.125,0.008
BNPAH_15171,52,1.813,1.69,0.123
BNPAH_17320,55,1.32,1.246,0.074
BNPAH_18884,58,0.896,0.905,-0.009
BNPAH_21317,61,1.249,1.233,0.016
BNPAH_25029,68,0.693,0.58,0.113
BNPAH_26326,70,1.695,1.666,0.029
BNPAH_27101,71,2.013,1.948,0.065
BNPAH_12306,47,1.106,1.108,-0.002
BNPAH_17945,56,0.452,0.426,0.026
BNPAH_26935,70,0.666,0.601,0.065
BNPAH_30545,76,1.267,1.297,-0.03
BNPAH_03289,20,2.142,2.102,0.04
BNPAH_08762,37,1.045,1.051,-0.006
BNPAH_09476,40,0.137,0.152,-0.015
BNPAH_12549,48,1.303,1.239,0.064
BNPAH_18442,57,0.602,0.139,0.463
BNPAH_19096,58,0.679,0.319,0.36
BNPAH_19887,59,0.494,0.489,0.005
BNPAH_20058,59,0.678,0.424,0.254
BNPAH_20939,61,0.805,0.778,0.027
BNPAH_22812,64,0.72,0.72,0.0
BNPAH_02897,19,1.185,1.129,0.056
BNPAH_07099,32,0.651,0.664,-0.013
BNPAH_07409,33,1.616,1.602,0.014
BNPAH_10647,43,1.116,1.076,0.04
BNPAH_14312,51,1.236,1.224,0.012
BNPAH_16652,54,1.126,1.075,0.051
BNPAH_17870,56,0.625,0.305,0.32
BNPAH_19482,59,0.736,0.373,0.363
BNPAH_20057,59,0.599,0.279,0.32
BNPAH_20913,61,0.477,0.466,0.011
BNPAH_26756,70,1.781,1.677,0.104
BNPAH_29582,75,0.069,0.13,-0.061
BNPAH_06750,31,1.627,1.597,0.03
BNPAH_11519,46,1.265,1.341,-0.076
BNPAH_15033,52,1.159,1.059,0.1
BNPAH_18170,57,1.732,1.692,0.04
BNPAH_18784,57,0.837,0.499,0.338
BNPAH_19168,58,0.228,0.233,-0.005
BNPAH_24750,67,0.862,0.805,0.057
BNPAH_26026,69,0.756,0.689,0.067
BNPAH_26189,69,0.984,0.959,0.025
BNPAH_27762,72,0.827,0.468,0.359
BNPAH_29760,75,0.571,0.316,0.255
BNPAH_11257,45,1.331,1.355,-0.024
BNPAH_12812,48,0.773,0.775,-0.002
BNPAH_19413,58,1.74,1.705,0.035
BNPAH_19846,59,0.239,0.269,-0.03
BNPAH_20914,61,0.414,0.421,-0.007
BNPAH_02138,16,0.646,0.326,0.32
BNPAH_07319,33,0.142,0.195,-0.053
BNPAH_14434,51,0.758,0.775,-0.017
BNPAH_17558,56,0.689,0.646,0.043
BNPAH_17964,56,0.294,0.235,0.059
BNPAH_18882,58,0.506,0.483,0.023
BNPAH_19091,58,0.281,0.273,0.008
BNPAH_29632,75,0.749,0.765,-0.016
BNPAH_06965,32,0.459,0.484,-0.025
BNPAH_14749,51,1.155,1.091,0.064
BNPAH_14983,52,0.658,0.693,-0.035
BNPAH_16873,55,0.396,0.425,-0.029
BNPAH_17890,56,0.084,0.065,0.019
BNPAH_19576,59,0.591,0.316,0.275
BNPAH_27449,71,0.785,0.416,0.369
BNPAH_02011,15,1.034,1.046,-0.012
BNPAH_12352,47,0.793,0.799,-0.006
BNPAH_12565,48,1.541,1.574,-0.033
BNPAH_17599,56,1.793,1.718,0.075
BNPAH_18109,56,0.136,0.158,-0.022
BNPAH_18131,56,0.114,0.111,0.003
BNPAH_18615,57,0.541,0.494,0.047
BNPAH_19243,58,0.744,0.414,0.33
BNPAH_19405,58,0.663,0.608,0.055
BNPAH_21355,61,0.249,0.225,0.024
BNPAH_22445,63,1.296,1.233,0.063
BNPAH_27069,71,0.906,0.534,0.372
BNPAH_03793,21,1.361,1.438,-0.077
BNPAH_05706,26,1.223,1.192,0.031
BNPAH_06792,31,1.128,1.081,0.047
BNPAH_10920,44,0.498,0.392,0.106
BNPAH_16754,54,0.808,0.795,0.013
BNPAH_16859,55,0.92,0.932,-0.012
BNPAH_19472,59,1.456,1.447,0.009
BNPAH_19864,59,0.734,0.395,0.339
BNPAH_20253,60,0.821,0.82,0.001
BNPAH_26748,70,0.772,0.773,-0.001
BNPAH_12720,48,1.478,1.518,-0.04
BNPAH_13654,50,0.125,0.173,-0.048
BNPAH_13752,50,0.971,0.864,0.107
BNPAH_19269,58,0.836,0.836,0.0
BNPAH_20347,60,1.506,1.471,0.035
BNPAH_26746,70,0.474,0.48,-0.006
BNPAH_27761,72,1.083,1.021,0.062
BNPAH_08467,37,0.51,0.521,-0.011
BNPAH_09050,38,0.878,0.814,0.064
BNPAH_09196,39,0.283,0.305,-0.022
BNPAH_11911,46,0.959,0.976,-0.017
BNPAH_15112,52,1.513,1.403,0.11
BNPAH_19476,59,0.596,0.245,0.351
BNPAH_20126,60,0.517,0.502,0.015
BNPAH_20729,60,0.594,0.258,0.336
BNPAH_21616,62,0.662,0.616,0.046
BNPAH_27489,71,0.161,0.14,0.021
BNPAH_29403,74,0.649,0.608,0.041
BNPAH_29825,75,0.602,0.624,-0.022
BNPAH_18927,58,0.698,0.406,0.292
BNPAH_19889,59,0.41,0.441,-0.031
BNPAH_20133,60,0.184,0.228,-0.044
BNPAH_22814,64,0.505,0.187,0.318
BNPAH_23151,64,0.072,0.079,-0.007
BNPAH_30792,77,2.095,2.072,0.023
BNPAH_07106,32,0.955,0.909,0.046
BNPAH_07318,33,0.399,0.426,-0.027
BNPAH_09651,40,0.863,0.487,0.376
BNPAH_18898,58,1.443,1.403,0.04
BNPAH_24390,67,0.932,0.973,-0.041
BNPAH_27341,71,0.49,0.514,-0.024
BNPAH_29682,75,1.106,0.997,0.109
BNPAH_01696,14,0.522,0.494,0.028
BNPAH_12930,48,1.602,1.517,0.085
BNPAH_16719,54,0.455,0.473,-0.018
BNPAH_18729,57,0.477,0.175,0.302
BNPAH_19245,58,0.185,0.222,-0.037
BNPAH_26908,70,0.573,0.58,-0.007
BNPAH_27614,72,-0.027,0.032,-0.059
BNPAH_01216,12,0.515,0.544,-0.029
BNPAH_05814,27,0.384,0.414,-0.03
BNPAH_07149,32,1.276,1.249,0.027
BNPAH_09266,39,0.564,0.584,-0.02
BNPAH_09551,40,1.431,1.43,0.001
BNPAH_10053,41,0.207,0.19,0.017
BNPAH_16363,54,1.059,0.993,0.066
BNPAH_16489,54,1.062,1.041,0.021
BNPAH_17720,56,1.88,1.824,0.056
BNPAH_19581,59,0.567,0.284,0.283
BNPAH_28053,72,0.487,0.46,0.027
BNPAH_29692,75,1.925,1.868,0.057
BNPAH_29830,75,1.024,0.956,0.068
BNPAH_30185,75,0.412,0.056,0.356
BNPAH_01369,12,0.524,0.546,-0.022
BNPAH_04899,23,0.877,0.852,0.025
BNPAH_07299,33,0.246,0.282,-0.036
BNPAH_10271,42,0.823,0.738,0.085
BNPAH_12301,47,1.646,1.772,-0.126
BNPAH_14235,50,0.367,0.086,0.281
BNPAH_19143,58,0.947,0.913,0.034
BNPAH_19331,58,0.716,0.718,-0.002
BNPAH_20047,59,1.539,1.514,0.025
BNPAH_20612,60,1.792,1.788,0.004
BNPAH_25607,68,0.68,0.636,0.044
BNPAH_25806,69,0.367,0.37,-0.003
BNPAH_29456,74,0.582,0.256,0.326
BNPAH_29685,75,0.821,0.545,0.276
BNPAH_29688,75,0.786,0.751,0.035
BNPAH_09198,39,0.738,0.761,-0.023
BNPAH_13309,49,1.255,1.211,0.044
BNPAH_18083,56,0.637,0.592,0.045
BNPAH_19862,59,0.515,0.475,0.04
BNPAH_20203,60,0.839,0.87,-0.031
BNPAH_24725,67,1.364,1.268,0.096
BNPAH_26595,70,0.896,0.54,0.356
BNPAH_01965,15,1.692,1.581,0.111
BNPAH_04980,23,0.832,0.819,0.013
BNPAH_12769,48,1.267,1.218,0.049
BNPAH_14067,50,0.581,0.323,0.258
BNPAH_14933,52,0.048,0.075,-0.027
BNPAH_17065,55,0.526,0.515,0.011
BNPAH_18857,58,0.398,0.396,0.002
BNPAH_21114,61,0.539,0.227,0.312
BNPAH_29763,75,0.568,0.528,0.04
BNPAH_04749,23,1.766,1.734,0.032
BNPAH_09216,39,0.883,0.837,0.046
BNPAH_13894,50,0.473,0.488,-0.015
BNPAH_15506,52,0.921,0.926,-0.005
BNPAH_18473,57,1.271,1.227,0.044
BNPAH_19220,58,0.237,0.222,0.015
BNPAH_26629,70,1.944,1.845,0.099
BNPAH_29757,75,1.095,1.012,0.083
BNPAH_02055,15,1.061,1.064,-0.003
BNPAH_05106,24,1.793,1.693,0.1
BNPAH_07034,32,1.035,1.044,-0.009
BNPAH_07274,33,0.301,0.305,-0.004
BNPAH_09116,39,0.44,0.421,0.019
BNPAH_09425,39,0.584,0.601,-0.017
BNPAH_10471,43,0.41,0.395,0.015
BNPAH_13510,49,0.788,0.763,0.025
BNPAH_18564,57,0.758,0.731,0.027
BNPAH_18757,57,0.716,0.673,0.043
BNPAH_19246,58,0.587,0.201,0.386
BNPAH_23170,64,0.148,0.135,0.013
BNPAH_29453,74,0.72,0.386,0.334
BNPAH_29614,75,0.071,0.076,-0.005
BNPAH_01373,12,0.664,0.667,-0.003
BNPAH_03098,19,1.012,0.977,0.035
BNPAH_05754,26,0.44,0.46,-0.02
BNPAH_07101,32,0.185,0.217,-0.032
BNPAH_08899,38,1.312,1.213,0.099
BNPAH_09010,38,0.975,0.897,0.078
BNPAH_09221,39,0.424,0.407,0.017
BNPAH_10644,43,0.242,0.238,0.004
BNPAH_11437,46,0.777,0.737,0.04
BNPAH_13974,50,0.784,0.706,0.078
BNPAH_14362,51,0.604,0.354,0.25
BNPAH_17607,56,0.66,0.31,0.35
BNPAH_18074,56,2.022,1.939,0.083
BNPAH_18834,58,0.262,0.24,0.022
BNPAH_22048,63,1.831,1.782,0.049
BNPAH_22097,63,1.85,1.789,0.061
BNPAH_25754,69,1.46,1.477,-0.017
BNPAH_28833,73,0.734,0.755,-0.021
BNPAH_05816,27,0.425,0.443,-0.018
BNPAH_07040,32,1.245,1.206,0.039
BNPAH_08665,37,1.175,1.147,0.028
BNPAH_13996,50,0.933,0.852,0.081
BNPAH_18858,58,0.745,0.425,0.32
BNPAH_19912,59,0.698,0.68,0.018
BNPAH_20543,60,0.756,0.434,0.322
BNPAH_08342,36,1.347,1.35,-0.003
BNPAH_12233,47,0.896,0.868,0.028
BNPAH_12572,48,1.875,1.816,0.059
BNPAH_12718,48,0.882,0.886,-0.004
BNPAH_13026,48,0.786,0.775,0.011
BNPAH_14427,51,1.847,1.799,0.048
BNPAH_15344,52,0.49,0.5,-0.01
BNPAH_17941,56,0.201,0.162,0.039
BNPAH_20367,60,0.344,0.344,0.0
BNPAH_25630,68,0.925,0.781,0.144
BNPAH_12279,47,0.92,0.914,0.006
BNPAH_12595,48,1.61,1.622,-0.012
BNPAH_18909,58,0.791,0.5,0.291
BNPAH_21570,62,1.213,1.133,0.08
BNPAH_26287,69,0.058,0.052,0.006
BNPAH_26412,70,0.03,0.042,-0.012
BNPAH_05793,27,0.427,0.465,-0.038
BNPAH_07896,35,1.475,1.43,0.045
BNPAH_08167,35,1.361,1.344,0.017
BNPAH_16644,54,1.3,1.237,0.063
BNPAH_19737,59,0.589,0.341,0.248
BNPAH_20181,60,0.587,0.619,-0.032
BNPAH_21358,61,0.521,0.48,0.041
BNPAH_28094,72,0.405,0.102,0.303
BNPAH_07126,32,0.333,0.3,0.033
BNPAH_07313,33,1.479,1.439,0.04
BNPAH_07322,33,0.612,0.597,0.015
BNPAH_09143,39,0.657,0.35,0.307
BNPAH_12546,48,0.28,0.261,0.019
BNPAH_13144,49,0.514,0.492,0.022
BNPAH_13999,50,0.962,0.942,0.02
BNPAH_17877,56,1.682,1.657,0.025
BNPAH_18904,58,0.598,0.551,0.047
BNPAH_27439,71,0.266,0.262,0.004
BNPAH_27736,72,1.06,1.033,0.027
BNPAH_29710,75,0.749,0.472,0.277
BNPAH_05701,26,1.271,1.245,0.026
BNPAH_05791,27,0.411,0.455,-0.044
BNPAH_07996,35,1.709,1.636,0.073
BNPAH_09676,40,0.421,0.412,0.009
BNPAH_12023,47,1.336,1.349,-0.013
BNPAH_12810,48,0.106,0.129,-0.023
BNPAH_16769,54,0.62,0.62,0.0
BNPAH_22295,63,0.825,0.808,0.017
BNPAH_26336,70,0.093,0.083,0.01
BNPAH_26726,70,0.406,0.154,0.252
BNPAH_26744,70,0.61,0.581,0.029
BNPAH_27413,71,0.193,0.192,0.001
BNPAH_00603,8,2.0,1.932,0.068
BNPAH_07297,33,0.534,0.519,0.015
BNPAH_17092,55,0.321,0.337,-0.016
BNPAH_17814,56,0.319,0.29,0.029
BNPAH_18833,58,0.603,0.126,0.477
BNPAH_20206,60,0.817,0.78,0.037
BNPAH_20390,60,0.206,0.242,-0.036
BNPAH_22320,63,0.729,0.756,-0.027
BNPAH_26745,70,0.718,0.717,0.001
BNPAH_07293,33,0.253,0.267,-0.014
BNPAH_07320,33,0.59,0.305,0.285
BNPAH_09353,39,0.581,0.582,-0.001
BNPAH_09542,40,1.507,1.354,0.153
BNPAH_10468,43,0.491,0.484,0.007
BNPAH_14360,51,0.296,0.314,-0.018
BNPAH_14412,51,1.061,1.028,0.033
BNPAH_14726,51,0.117,0.182,-0.065
BNPAH_15174,52,1.496,1.418,0.078
BNPAH_26646,70,0.678,0.624,0.054
BNPAH_27383,71,1.206,1.166,0.04
BNPAH_14795,51,0.285,0.254,0.031
BNPAH_19219,58,0.757,0.463,0.294
BNPAH_19410,58,0.511,0.524,-0.013
BNPAH_19839,59,0.694,0.423,0.271
BNPAH_20103,60,0.403,0.425,-0.022
BNPAH_20183,60,0.648,0.674,-0.026
BNPAH_26051,69,0.702,0.627,0.075
BNPAH_27588,71,0.158,0.118,0.04
BNPAH_29896,75,0.029,0.319,-0.29
BNPAH_30372,76,1.056,1.117,-0.061
BNPAH_09273,39,0.607,0.624,-0.017
BNPAH_10697,43,0.624,0.574,0.05
BNPAH_13313,49,1.251,1.185,0.066
BNPAH_19195,58,0.247,0.284,-0.037
BNPAH_21139,61,0.362,0.349,0.013
BNPAH_21347,61,0.395,0.39,0.005
BNPAH_23101,64,0.681,0.679,0.002
BNPAH_23176,64,0.642,0.299,0.343
BNPAH_26696,70,0.31,0.293,0.017
BNPAH_27455,71,1.694,1.658,0.036
BNPAH_29714,75,1.046,0.964,0.082
BNPAH_07374,33,0.639,0.651,-0.012
BNPAH_09148,39,0.543,0.27,0.273
BNPAH_12563,48,1.736,1.612,0.124
BNPAH_13432,49,2.085,2.101,-0.016
BNPAH_18440,57,0.834,0.49,0.344
BNPAH_19289,58,0.812,0.547,0.265
BNPAH_20317,60,0.756,0.767,-0.011
BNPAH_24361,67,1.117,1.019,0.098
BNPAH_24730,67,0.98,0.883,0.097
BNPAH_27398,71,0.042,0.046,-0.004
BNPAH_29878,75,1.198,1.071,0.127
BNPAH_02013,15,1.059,1.054,0.005
BNPAH_10943,44,0.481,0.109,0.372
BNPAH_11184,45,1.523,1.502,0.021
BNPAH_11688,46,1.129,1.071,0.058
BNPAH_14088,50,0.516,0.478,0.038
BNPAH_17864,56,0.565,0.546,0.019
BNPAH_19218,58,0.414,0.421,-0.007
BNPAH_20989,61,0.763,0.784,-0.021
BNPAH_24435,67,1.06,1.036,0.024
BNPAH_25994,69,0.465,0.44,0.025
BNPAH_29902,75,0.704,0.404,0.3
BNPAH_01853,14,0.51,0.466,0.044
BNPAH_08826,38,0.221,0.219,0.002
BNPAH_14046,50,0.787,0.774,0.013
BNPAH_14509,51,0.141,0.18,-0.039
BNPAH_16440,54,0.729,0.463,0.266
BNPAH_20008,59,0.77,0.504,0.266
BNPAH_24512,67,1.364,1.278,0.086
BNPAH_26338,70,0.268,0.241,0.027
BNPAH_01276,12,0.211,0.198,0.013
BNPAH_12258,47,1.097,1.039,0.058
BNPAH_12764,48,0.668,0.678,-0.01
BNPAH_13943,50,0.413,0.12,0.293
BNPAH_14794,51,0.983,0.971,0.012
BNPAH_20494,60,0.498,0.5,-0.002
BNPAH_25473,68,0.812,0.734,0.078
BNPAH_25628,68,0.871,0.718,0.153
BNPAH_29955,75,0.482,0.47,0.012
BNPAH_29977,75,0.942,0.584,0.358
BNPAH_05747,26,1.096,1.054,0.042
BNPAH_12283,47,1.501,1.485,0.016
BNPAH_18105,56,0.382,0.398,-0.016
BNPAH_18158,57,0.91,0.593,0.317
BNPAH_18934,58,0.712,0.431,0.281
BNPAH_19582,59,0.421,0.378,0.043
BNPAH_22817,64,0.299,0.288,0.011
BNPAH_23311,65,0.548,0.468,0.08
BNPAH_26968,71,0.185,0.16,0.025
BNPAH_27393,71,0.03,0.008,0.022
BNPAH_01210,12,0.167,0.15,0.017
BNPAH_07128,32,0.574,0.591,-0.017
BNPAH_07151,32,0.721,0.738,-0.017
BNPAH_09576,40,1.528,1.373,0.155
BNPAH_14069,50,0.911,0.892,0.019
BNPAH_20251,60,1.052,1.043,0.009
BNPAH_20417,60,0.21,0.2,0.01
BNPAH_21113,61,0.281,0.286,-0.005
BNPAH_21189,61,0.492,0.448,0.044
BNPAH_22007,63,0.831,0.864,-0.033
BNPAH_22057,63,0.586,0.581,0.005
BNPAH_22506,63,1.566,1.508,0.058
BNPAH_22558,63,0.508,0.486,0.022
BNPAH_22560,63,0.374,0.35,0.024
BNPAH_24415,67,0.657,0.677,-0.02
BNPAH_25762,69,0.78,0.704,0.076
BNPAH_27811,72,0.667,0.653,0.014
BNPAH_28439,73,0.909,0.798,0.111
BNPAH_29952,75,0.683,0.611,0.072
BNPAH_03272,20,0.945,0.919,0.026
BNPAH_05127,24,1.592,1.477,0.115
BNPAH_08544,37,1.515,1.44,0.075
BNPAH_09058,38,0.875,0.826,0.049
BNPAH_13512,49,0.698,0.677,0.021
BNPAH_15110,52,1.042,1.066,-0.024
BNPAH_16238,54,0.022,0.062,-0.04
BNPAH_16329,54,1.714,1.654,0.06
BNPAH_22050,63,1.231,1.192,0.039
BNPAH_22270,63,1.306,1.295,0.011
BNPAH_22660,64,1.03,1.035,-0.005
BNPAH_22789,64,0.656,0.631,0.025
BNPAH_24461,67,1.423,1.283,0.14
BNPAH_28598,73,0.23,0.256,-0.026
BNPAH_11487,46,1.411,1.409,0.002
BNPAH_11592,46,0.855,0.819,0.036
BNPAH_13311,49,0.798,0.751,0.047
BNPAH_14935,52,0.138,0.197,-0.059
BNPAH_15193,52,0.559,0.298,0.261
BNPAH_16288,54,0.778,0.797,-0.019
BNPAH_16946,55,1.659,1.556,0.103
BNPAH_17113,55,1.04,1.081,-0.041
BNPAH_18755,57,0.223,0.202,0.021
BNPAH_19186,58,0.639,0.66,-0.021
BNPAH_19403,58,0.72,0.476,0.244
BNPAH_20007,59,0.43,0.397,0.033
BNPAH_21030,61,1.55,1.507,0.043
BNPAH_21330,61,0.29,0.296,-0.006
BNPAH_22665,64,0.121,0.109,0.012
BNPAH_22685,64,1.262,1.247,0.015
BNPAH_24749,67,0.431,0.409,0.022
BNPAH_26047,69,0.419,0.11,0.309
BNPAH_26407,70,0.255,0.235,0.02
BNPAH_27371,71,0.135,0.099,0.036
BNPAH_29584,75,0.607,0.301,0.306
BNPAH_02892,19,1.745,1.769,-0.024
BNPAH_07334,33,2.013,1.931,0.082
BNPAH_08030,35,1.247,1.191,0.056
BNPAH_08547,37,0.571,0.567,0.004
BNPAH_10469,43,0.585,0.576,0.009
BNPAH_17458,55,0.434,0.436,-0.002
BNPAH_18267,57,1.864,1.835,0.029
BNPAH_18887,58,2.018,1.946,0.072
BNPAH_20052,59,0.276,0.228,0.048
BNPAH_22667,64,0.074,0.124,-0.05
BNPAH_24824,67,0.675,0.758,-0.083
BNPAH_26092,69,0.899,0.885,0.014
BNPAH_26724,70,0.648,0.654,-0.006
BNPAH_27071,71,0.42,0.354,0.066
BNPAH_10424,43,0.943,0.629,0.314
BNPAH_10519,43,0.456,0.461,-0.005
BNPAH_10522,43,1.002,0.967,0.035
BNPAH_14124,50,1.647,1.517,0.13
BNPAH_14433,51,1.122,1.052,0.07
BNPAH_14953,52,0.499,0.23,0.269
BNPAH_18854,58,0.914,0.878,0.036
BNPAH_20208,60,0.881,0.855,0.026
BNPAH_20340,60,0.647,0.663,-0.016
BNPAH_22876,64,1.786,1.725,0.061
BNPAH_24437,67,0.549,0.536,0.013
BNPAH_25662,69,0.194,0.239,-0.045
BNPAH_26182,69,0.668,0.671,-0.003
BNPAH_26423,70,1.865,1.844,0.021
BNPAH_27741,72,0.956,0.954,0.002
BNPAH_09223,39,0.846,0.818,0.028
BNPAH_10520,43,0.501,0.474,0.027
BNPAH_12785,48,0.52,0.505,0.015
BNPAH_13438,49,1.863,1.859,0.004
BNPAH_14262,51,0.774,0.492,0.282
BNPAH_18514,57,0.271,0.257,0.014
BNPAH_21356,61,0.563,0.549,0.014
BNPAH_24561,67,0.947,0.852,0.095
BNPAH_28075,72,0.597,0.564,0.033
BNPAH_02204,16,0.832,0.787,0.045
BNPAH_08946,38,1.23,1.265,-0.035
BNPAH_10467,43,1.054,1.035,0.019
BNPAH_13030,48,0.39,0.099,0.291
BNPAH_17920,56,0.347,0.296,0.051
BNPAH_19789,59,0.623,0.624,-0.001
BNPAH_20201,60,0.956,0.962,-0.006
BNPAH_20615,60,0.491,0.485,0.006
BNPAH_21333,61,0.616,0.575,0.041
BNPAH_22289,63,1.388,1.35,0.038
BNPAH_22803,64,1.64,1.604,0.036
BNPAH_23226,64,0.488,0.195,0.293
BNPAH_23288,65,0.787,0.685,0.102
BNPAH_27462,71,0.5,0.465,0.035
BNPAH_11325,45,0.828,0.864,-0.036
BNPAH_11896,46,1.732,1.819,-0.087
BNPAH_14745,51,0.259,0.274,-0.015
BNPAH_16286,54,0.631,0.643,-0.012
BNPAH_16909,55,1.396,1.358,0.038
BNPAH_18202,57,0.601,0.298,0.303
BNPAH_20154,60,0.643,0.596,0.047
BNPAH_20422,60,0.92,0.869,0.051
BNPAH_22637,64,0.708,0.77,-0.062
BNPAH_23046,64,1.178,1.158,0.02
BNPAH_23094,64,0.903,0.963,-0.06
BNPAH_26889,70,0.606,0.58,0.026
BNPAH_30000,75,0.717,0.72,-0.003
BNPAH_05223,24,1.661,1.549,0.112
BNPAH_10027,41,0.548,0.141,0.407
BNPAH_12018,47,1.398,1.396,0.002
BNPAH_12638,48,0.706,0.653,0.053
BNPAH_17967,56,0.125,0.126,-0.001
BNPAH_18806,58,0.142,0.397,-0.255
BNPAH_19896,59,0.551,0.574,-0.023
BNPAH_20108,60,0.581,0.544,0.037
BNPAH_21222,61,0.473,0.474,-0.001
BNPAH_22372,63,0.412,0.395,0.017
BNPAH_23220,64,0.295,0.11,0.185
BNPAH_11207,45,0.903,0.919,-0.016
BNPAH_11638,46,1.131,1.09,0.041
BNPAH_12643,48,1.578,1.479,0.099
BNPAH_13608,50,0.154,0.145,0.009
BNPAH_14723,51,0.591,0.581,0.01
BNPAH_14985,52,0.738,0.776,-0.038
BNPAH_15062,52,1.524,1.404,0.12
BNPAH_16483,54,1.007,0.925,0.082
BNPAH_18103,56,0.203,0.229,-0.026
BNPAH_21188,61,0.558,0.534,0.024
BNPAH_26648,70,0.459,0.112,0.347
BNPAH_26933,70,0.739,0.369,0.37
BNPAH_04752,23,0.496,0.479,0.017
BNPAH_08210,36,0.641,0.641,0.0
BNPAH_11612,46,0.686,0.649,0.037
BNPAH_13634,50,0.403,0.392,0.011
BNPAH_15101,52,1.37,1.323,0.047
BNPAH_18155,57,0.41,0.019,0.391
BNPAH_20149,60,0.835,0.815,0.02
BNPAH_24510,67,1.781,1.72,0.061
BNPAH_25759,69,0.679,0.588,0.091
BNPAH_27768,72,1.481,1.464,0.017
BNPAH_02706,18,0.719,0.75,-0.031
BNPAH_03599,20,1.325,1.324,0.001
BNPAH_05649,26,1.027,0.999,0.028
BNPAH_10670,43,0.45,0.457,-0.007
BNPAH_11778,46,0.864,0.885,-0.021
BNPAH_14458,51,0.773,0.726,0.047
BNPAH_14774,51,1.169,1.071,0.098
BNPAH_16646,54,1.675,1.587,0.088
BNPAH_17695,56,1.696,1.633,0.063
BNPAH_19892,59,0.552,0.533,0.019
BNPAH_20002,59,0.602,0.326,0.276
BNPAH_20372,60,1.28,1.216,0.064
BNPAH_20590,60,0.64,0.275,0.365
BNPAH_20725,60,0.723,0.733,-0.01
BNPAH_20736,60,0.46,0.461,-0.001
BNPAH_26314,70,0.897,0.837,0.06
BNPAH_27980,72,0.7,0.681,0.019
BNPAH_01274,12,0.38,0.336,0.044
BNPAH_02404,17,2.295,2.172,0.123
BNPAH_03056,19,0.825,0.771,0.054
BNPAH_11197,45,1.038,1.021,0.017
BNPAH_12092,47,1.033,1.037,-0.004
BNPAH_12545,48,0.389,0.369,0.02
BNPAH_12547,48,0.942,0.902,0.04
BNPAH_12641,48,1.379,1.374,0.005
BNPAH_17449,55,0.826,0.773,0.053
BNPAH_20106,60,0.466,0.416,0.05
BNPAH_26670,70,0.271,0.277,-0.006
BNPAH_26939,70,0.698,0.408,0.29
BNPAH_27476,71,1.001,0.588,0.413
BNPAH_08465,37,0.463,0.486,-0.023
BNPAH_08515,37,0.517,0.306,0.211
BNPAH_13910,50,1.72,1.681,0.039
BNPAH_14905,52,0.527,0.245,0.282
BNPAH_16829,54,1.602,1.573,0.029
BNPAH_17508,56,0.254,0.218,0.036
BNPAH_18205,57,0.19,0.171,0.019
BNPAH_19407,58,0.266,0.203,0.063
BNPAH_21127,61,1.081,1.061,0.02
BNPAH_21350,61,0.693,0.707,-0.014
BNPAH_23146,64,0.513,0.487,0.026
BNPAH_25823,69,0.85,0.846,0.004
BNPAH_26235,69,0.546,0.508,0.038
BNPAH_27018,71,0.578,0.516,0.062
BNPAH_29635,75,0.572,0.267,0.305
BNPAH_29844,75,0.384,0.125,0.259
BNPAH_01533,13,1.7,1.635,0.065
BNPAH_03675,20,0.457,0.463,-0.006
BNPAH_07295,33,0.444,0.121,0.323
BNPAH_07342,33,1.165,1.125,0.04
BNPAH_08759,37,1.204,1.135,0.069
BNPAH_11533,46,1.047,1.064,-0.017
BNPAH_19787,59,0.668,0.686,-0.018
BNPAH_22914,64,0.576,0.598,-0.022
BNPAH_24973,67,0.433,0.463,-0.03
BNPAH_25967,69,1.1,1.034,0.066
BNPAH_28416,73,0.493,0.484,0.009
BNPAH_02282,16,0.532,0.539,-0.007
BNPAH_08340,36,0.555,0.567,-0.012
BNPAH_08748,37,0.438,0.427,0.011
BNPAH_09193,39,0.858,0.833,0.025
BNPAH_10472,43,1.074,1.049,0.025
BNPAH_16240,54,0.686,0.688,-0.002
BNPAH_16642,54,0.655,0.598,0.057
BNPAH_18133,56,0.225,0.197,0.028
BNPAH_18489,57,0.192,0.171,0.021
BNPAH_25903,69,0.701,0.403,0.298
BNPAH_09548,40,0.623,0.244,0.379
BNPAH_11254,45,0.958,1.003,-0.045
BNPAH_18488,57,0.072,0.054,0.018
BNPAH_19333,58,0.861,0.828,0.033
BNPAH_19837,59,0.426,0.46,-0.034
BNPAH_20909,61,0.682,0.665,0.017
BNPAH_24494,67,0.481,0.467,0.014
BNPAH_25761,69,0.807,0.729,0.078
BNPAH_06839,31,1.925,1.942,-0.017
BNPAH_07296,33,0.075,0.09,-0.015
BNPAH_07418,33,0.475,0.421,0.054
BNPAH_09546,40,0.542,0.486,0.056
BNPAH_13142,49,0.457,0.467,-0.01
BNPAH_13731,50,1.114,0.997,0.117
BNPAH_18107,56,0.109,0.106,0.003
BNPAH_19526,59,0.655,0.652,0.003
BNPAH_22556,63,0.906,0.9,0.006
BNPAH_26694,70,0.665,0.389,0.276
BNPAH_29827,75,0.879,0.789,0.09
BNPAH_04058,21,1.567,1.672,-0.105
BNPAH_09330,39,0.713,0.7,0.013
BNPAH_10450,43,0.683,0.66,0.023
BNPAH_17437,55,1.949,1.873,0.076
BNPAH_18443,57,0.57,0.251,0.319
BNPAH_18777,57,0.816,0.477,0.339
BNPAH_19164,58,0.783,0.725,0.058
BNPAH_19719,59,0.597,0.607,-0.01
BNPAH_21138,61,0.405,0.403,0.002
BNPAH_21331,61,0.636,0.625,0.011
BNPAH_22452,63,1.214,1.15,0.064
BNPAH_24697,67,1.088,1.026,0.062
BNPAH_24731,67,1.511,1.51,0.001
BNPAH_27166,71,1.811,1.78,0.031
BNPAH_29900,75,0.439,0.119,0.32
BNPAH_05708,26,1.623,1.555,0.068
BNPAH_08750,37,0.56,0.249,0.311
BNPAH_10517,43,0.886,0.879,0.007
BNPAH_11491,46,0.862,0.872,-0.01
BNPAH_11908,46,1.647,1.756,-0.109
BNPAH_11992,47,1.37,1.306,0.064
BNPAH_13946,50,1.197,1.07,0.127
BNPAH_13971,50,0.858,0.506,0.352
BNPAH_14910,52,0.757,0.411,0.346
BNPAH_16819,54,1.315,1.261,0.054
BNPAH_17478,55,1.253,1.192,0.061
BNPAH_17940,56,0.476,0.162,0.314
BNPAH_19771,59,0.772,0.737,0.035
BNPAH_19821,59,0.587,0.543,0.044
BNPAH_20322,60,1.433,1.374,0.059
BNPAH_20343,60,0.583,0.548,0.035
BNPAH_20592,60,0.662,0.623,0.039
BNPAH_22662,64,0.478,0.506,-0.028
BNPAH_23095,64,0.562,0.569,-0.007
BNPAH_28102,72,0.909,0.876,0.033
BNPAH_04575,23,0.914,0.868,0.046
BNPAH_06891,31,1.964,1.997,-0.033
BNPAH_07369,33,0.531,0.486,0.045
BNPAH_09467,40,0.345,0.3,0.045
BNPAH_10991,44,0.515,0.24,0.275
BNPAH_11542,46,1.123,1.123,0.0
BNPAH_14796,51,0.396,0.406,-0.01
BNPAH_17422,55,1.714,1.587,0.127
BNPAH_18591,57,0.529,0.489,0.04
BNPAH_18752,57,0.801,0.731,0.07
BNPAH_18859,58,0.853,0.831,0.022
BNPAH_21164,61,0.431,0.438,-0.007
BNPAH_21322,61,0.48,0.459,0.021
BNPAH_21348,61,0.781,0.716,0.065
BNPAH_22269,63,0.732,0.707,0.025
BNPAH_27846,72,0.783,0.793,-0.01
BNPAH_29557,75,0.384,0.327,0.057
BNPAH_01561,13,1.633,1.583,0.05
BNPAH_02130,16,1.804,1.778,0.026
BNPAH_10445,43,0.031,0.26,-0.229
BNPAH_10665,43,0.882,0.843,0.039
BNPAH_11658,46,0.871,0.827,0.044
BNPAH_13101,49,2.202,2.174,0.028
BNPAH_14334,51,0.427,0.388,0.039
BNPAH_20009,59,0.622,0.582,0.04
BNPAH_20659,60,1.392,1.348,0.044
BNPAH_21004,61,0.686,0.67,0.016
BNPAH_22291,63,1.22,1.21,0.01
BNPAH_22710,64,1.437,1.385,0.052
BNPAH_23169,64,0.504,0.476,0.028
BNPAH_25811,69,0.332,0.302,0.03
BNPAH_26698,70,0.359,0.342,0.017
BNPAH_26754,70,2.101,1.972,0.129
BNPAH_29454,74,0.618,0.478,0.14
BNPAH_30080,75,1.453,1.348,0.105
BNPAH_02813,19,0.104,0.072,0.032
BNPAH_04815,23,0.447,0.132,0.315
BNPAH_07343,33,0.736,0.695,0.041
BNPAH_07345,33,0.601,0.557,0.044
BNPAH_08043,35,0.783,0.757,0.026
BNPAH_08045,35,1.04,1.038,0.002
BNPAH_11841,46,1.641,1.734,-0.093
BNPAH_11949,47,1.182,1.212,-0.03
BNPAH_12503,48,1.179,1.121,0.058
BNPAH_12523,48,0.269,0.283,-0.014
BNPAH_14287,51,0.652,0.359,0.293
BNPAH_17914,56,0.331,0.285,0.046
BNPAH_20938,61,0.848,0.785,0.063
BNPAH_24511,67,1.657,1.54,0.117
BNPAH_24698,67,1.366,1.259,0.107
BNPAH_26911,70,0.237,0.206,0.031
BNPAH_26937,70,0.306,0.257,0.049
BNPAH_28028,72,0.913,0.791,0.122
BNPAH_04021,21,1.559,1.658,-0.099
BNPAH_08238,36,1.413,1.38,0.033
BNPAH_10546,43,0.725,0.696,0.029
BNPAH_11734,46,0.853,0.839,0.014
BNPAH_18248,57,0.52,0.509,0.011
BNPAH_19735,59,0.502,0.512,-0.01
BNPAH_20128,60,0.465,0.4,0.065
BNPAH_22322,63,0.544,0.507,0.037
BNPAH_26413,70,0.627,0.337,0.29
BNPAH_27390,71,0.125,0.132,-0.007
BNPAH_29451,74,0.188,0.196,-0.008
BNPAH_29638,75,0.538,0.483,0.055
BNPAH_29873,75,0.332,0.286,0.046
BNPAH_02432,17,1.394,1.412,-0.018
BNPAH_04973,23,0.426,0.434,-0.008
BNPAH_06757,31,2.158,2.05,0.108
BNPAH_06894,31,1.406,1.344,0.062
BNPAH_11199,45,0.955,0.916,0.039
BNPAH_12723,48,1.466,1.506,-0.04
BNPAH_15051,52,1.673,1.663,0.01
BNPAH_18595,57,0.729,0.3,0.429
BNPAH_20735,60,0.322,0.234,0.088
BNPAH_21791,62,0.557,0.514,0.043
BNPAH_22293,63,0.332,0.302,0.03
BNPAH_23126,64,0.871,0.852,0.019
BNPAH_25734,69,0.061,0.081,-0.02
BNPAH_27364,71,0.123,0.116,0.007
BNPAH_28191,72,0.535,0.213,0.322
BNPAH_28826,73,1.243,1.136,0.107
BNPAH_29975,75,0.365,0.334,0.031
BNPAH_00311,6,1.799,1.905,-0.106
BNPAH_00738,9,1.769,1.752,0.017
BNPAH_01923,15,1.401,1.386,0.015
BNPAH_03574,20,0.388,0.405,-0.017
BNPAH_08551,37,1.348,1.36,-0.012
BNPAH_08701,37,0.484,0.447,0.037
BNPAH_10419,43,0.207,0.211,-0.004
BNPAH_14699,51,0.733,0.686,0.047
BNPAH_14928,52,0.658,0.597,0.061
BNPAH_16797,54,1.133,1.026,0.107
BNPAH_17451,55,0.802,0.743,0.059
BNPAH_19914,59,0.683,0.621,0.062
BNPAH_20176,60,0.977,0.933,0.044
BNPAH_22663,64,0.561,0.542,0.019
BNPAH_24565,67,0.783,0.777,0.006
BNPAH_25605,68,0.878,0.754,0.124
BNPAH_27930,72,0.604,0.283,0.321
BNPAH_29404,74,0.869,0.71,0.159
BNPAH_30552,76,1.444,1.524,-0.08
BNPAH_01213,12,0.053,0.062,-0.009
BNPAH_03555,20,0.525,0.552,-0.027
BNPAH_11196,45,0.513,0.525,-0.012
BNPAH_12637,48,0.675,0.613,0.062
BNPAH_13461,49,1.827,1.78,0.047
BNPAH_13677,50,0.654,0.639,0.015
BNPAH_17780,56,1.784,1.754,0.03
BNPAH_20056,59,0.64,0.345,0.295
BNPAH_20988,61,0.824,0.811,0.013
BNPAH_23143,64,0.154,0.128,0.026
BNPAH_24360,67,1.066,1.029,0.037
BNPAH_24662,67,1.629,1.523,0.106
BNPAH_30280,76,1.352,1.377,-0.025
BNPAH_01565,13,0.643,0.618,0.025
BNPAH_04663,23,1.472,1.392,0.08
BNPAH_05263,24,1.354,1.228,0.126
BNPAH_05367,24,1.642,1.505,0.137
BNPAH_07269,33,0.596,0.277,0.319
BNPAH_08526,37,0.828,0.736,0.092
BNPAH_09267,39,0.444,0.409,0.035
BNPAH_10496,43,0.13,0.13,0.0
BNPAH_13028,48,0.548,0.541,0.007
BNPAH_14260,51,0.525,0.486,0.039
BNPAH_14506,51,0.509,0.447,0.062
BNPAH_16383,54,0.855,0.824,0.031
BNPAH_19894,59,0.819,0.824,-0.005
BNPAH_22368,63,0.441,0.132,0.309
BNPAH_26913,70,0.542,0.502,0.04
BNPAH_27927,72,0.628,0.636,-0.008
BNPAH_30190,75,0.372,0.055,0.317
BNPAH_03254,20,0.628,0.629,-0.001
BNPAH_04044,21,1.815,1.865,-0.05
BNPAH_07371,33,0.407,0.367,0.04
BNPAH_08756,37,0.508,0.275,0.233
BNPAH_09247,39,0.119,0.089,0.03
BNPAH_09451,40,0.853,0.733,0.12
BNPAH_11230,45,1.385,1.366,0.019
BNPAH_11535,46,0.78,0.762,0.018
BNPAH_11889,46,1.152,1.099,0.053
BNPAH_14826,51,1.505,1.38,0.125
BNPAH_16767,54,0.024,0.047,-0.023
BNPAH_18445,57,0.442,0.007,0.435
BNPAH_19193,58,0.871,0.519,0.352
BNPAH_21005,61,1.074,1.047,0.027
BNPAH_22147,63,1.292,1.249,0.043
BNPAH_24898,67,0.168,0.171,-0.003
BNPAH_26404,70,0.555,0.553,0.002
BNPAH_28020,72,0.398,0.372,0.026
BNPAH_29068,74,0.639,0.557,0.082
BNPAH_29930,75,0.621,0.545,0.076
BNPAH_30021,75,0.025,0.021,0.004
BNPAH_12133,47,1.673,1.757,-0.084
BNPAH_13896,50,0.809,0.707,0.102
BNPAH_19216,58,0.109,0.094,0.015
BNPAH_19267,58,0.297,0.271,0.026
BNPAH_20368,60,0.509,0.498,0.011
BNPAH_26886,70,0.539,0.27,0.269
BNPAH_27739,72,0.78,0.72,0.06
BNPAH_02484,17,2.282,2.192,0.09
BNPAH_04880,23,0.989,0.947,0.042
BNPAH_05651,26,0.843,0.805,0.038
BNPAH_08626,37,1.5,1.475,0.025
BNPAH_08901,38,1.307,1.172,0.135
BNPAH_10056,41,0.352,0.338,0.014
BNPAH_11222,45,1.368,1.324,0.044
BNPAH_11350,45,1.018,1.028,-0.01
BNPAH_11565,46,1.764,1.847,-0.083
BNPAH_12456,47,1.787,1.855,-0.068
BNPAH_13941,50,0.297,0.302,-0.005
BNPAH_14430,51,1.306,1.197,0.109
BNPAH_15191,52,0.41,0.383,0.027
BNPAH_16857,55,0.555,0.311,0.244
BNPAH_17938,56,0.569,0.51,0.059
BNPAH_19271,58,0.789,0.453,0.336
BNPAH_21247,61,0.646,0.63,0.016
BNPAH_22687,64,0.676,0.702,-0.026
BNPAH_25917,69,0.531,0.529,0.002
BNPAH_26722,70,0.491,0.476,0.015
BNPAH_00867,9,1.635,1.576,0.059
BNPAH_07103,32,0.186,0.186,0.0
BNPAH_07978,35,1.519,1.465,0.054
BNPAH_09268,39,0.834,0.779,0.055
BNPAH_10420,43,0.465,0.375,0.09
BNPAH_10442,43,0.306,0.244,0.062
BNPAH_13357,49,0.751,0.698,0.053
BNPAH_15005,52,0.631,0.617,0.014
BNPAH_16365,54,1.63,1.604,0.026
BNPAH_16792,54,0.491,0.162,0.329
BNPAH_19191,58,0.511,0.168,0.343
BNPAH_28366,73,0.705,0.624,0.081
BNPAH_02177,16,0.798,0.796,0.002
BNPAH_02619,18,0.939,0.88,0.059
BNPAH_04857,23,0.345,0.325,0.02
BNPAH_09013,38,0.965,0.86,0.105
BNPAH_10294,42,0.453,0.169,0.284
BNPAH_11496,46,1.415,1.402,0.013
BNPAH_12019,47,1.063,1.066,-0.003
BNPAH_12792,48,0.603,0.561,0.042
BNPAH_16258,54,0.851,0.755,0.096
BNPAH_16794,54,0.855,0.809,0.046
BNPAH_16877,55,1.078,1.005,0.073
BNPAH_19145,58,0.709,0.653,0.056
BNPAH_19247,58,0.566,0.545,0.021
BNPAH_20910,61,0.887,0.843,0.044
BNPAH_27052,71,1.936,1.882,0.054
BNPAH_08754,37,0.439,0.466,-0.027
BNPAH_11439,46,1.02,0.988,0.032
BNPAH_13433,49,1.906,1.906,0.0
BNPAH_13604,50,0.435,0.398,0.037
BNPAH_13805,50,0.657,0.634,0.023
BNPAH_16925,55,0.838,0.857,-0.019
BNPAH_20318,60,0.856,0.828,0.028
BNPAH_20567,60,0.553,0.498,0.055
BNPAH_24927,67,0.427,0.407,0.02
BNPAH_27499,71,0.808,0.448,0.36
BNPAH_01294,12,0.37,0.325,0.045
BNPAH_05037,24,0.695,0.414,0.281
BNPAH_08096,35,1.201,1.163,0.038
BNPAH_12288,47,1.672,1.769,-0.097
BNPAH_17795,56,0.368,0.303,0.065
BNPAH_18182,57,0.427,0.078,0.349
BNPAH_20512,60,1.221,1.169,0.052
BNPAH_24748,67,0.726,0.665,0.061
BNPAH_27414,71,0.209,0.207,0.002
BNPAH_02140,16,0.42,0.356,0.064
BNPAH_05836,27,0.835,0.8,0.035
BNPAH_08136,35,0.583,0.586,-0.003
BNPAH_09653,40,0.328,0.224,0.104
BNPAH_10186,42,1.367,1.214,0.153
BNPAH_12021,47,0.741,0.743,-0.002
BNPAH_13684,50,1.019,0.971,0.048
BNPAH_13891,50,-0.12,0.03,-0.15
BNPAH_14621,51,0.644,0.366,0.278
BNPAH_17042,55,0.385,0.357,0.028
BNPAH_17239,55,0.294,0.263,0.031
BNPAH_18734,57,0.752,0.664,0.088
BNPAH_22640,64,0.392,0.386,0.006
BNPAH_23221,64,0.653,0.628,0.025
BNPAH_24491,67,1.108,1.083,0.025
BNPAH_25813,69,0.482,0.5,-0.018
BNPAH_27809,72,0.625,0.293,0.332
BNPAH_01300,12,0.689,0.681,0.008
BNPAH_03230,20,0.873,0.874,-0.001
BNPAH_03557,20,1.178,1.163,0.015
BNPAH_04660,23,0.837,0.831,0.006
BNPAH_04878,23,0.492,0.449,0.043
BNPAH_05751,26,0.619,0.583,0.036
BNPAH_10674,43,0.615,0.626,-0.011
BNPAH_14234,50,0.051,0.234,-0.183
BNPAH_17527,56,0.42,0.089,0.331
BNPAH_18425,57,1.959,1.884,0.075
BNPAH_18804,58,0.847,0.521,0.326
BNPAH_19533,59,0.787,0.783,0.004
BNPAH_21649,62,1.077,1.1,-0.023
BNPAH_22610,64,1.124,1.084,0.04
BNPAH_22688,64,0.857,0.837,0.02
BNPAH_22810,64,0.951,0.954,-0.003
BNPAH_26307,70,0.563,0.521,0.042
BNPAH_28441,73,0.623,0.586,0.037
BNPAH_29637,75,0.409,0.42,-0.011
BNPAH_00334,6,1.805,1.916,-0.111
BNPAH_01255,12,0.738,0.716,0.022
BNPAH_04822,23,1.173,1.145,0.028
BNPAH_06089,28,0.804,0.797,0.007
BNPAH_09270,39,0.437,0.389,0.048
BNPAH_09767,41,0.666,0.241,0.425
BNPAH_11255,45,1.536,1.463,0.073
BNPAH_13361,49,0.694,0.675,0.019
BNPAH_14024,50,1.033,0.908,0.125
BNPAH_14044,50,0.529,0.505,0.024
BNPAH_14903,52,0.68,0.403,0.277
BNPAH_16729,54,0.89,0.846,0.044
BNPAH_16779,54,1.089,1.041,0.048
BNPAH_17454,55,0.494,0.496,-0.002
BNPAH_19817,59,0.916,0.532,0.384
BNPAH_19952,59,0.562,0.55,0.012
BNPAH_20851,61,1.817,1.777,0.04
BNPAH_24923,67,0.449,0.435,0.014
BNPAH_04734,23,0.685,0.621,0.064
BNPAH_04796,23,0.356,0.315,0.041
BNPAH_05658,26,1.191,1.115,0.076
BNPAH_10188,42,1.432,1.292,0.14
BNPAH_16590,54,2.05,1.951,0.099
BNPAH_16672,54,1.139,1.068,0.071
BNPAH_19141,58,0.837,0.505,0.332
BNPAH_19910,59,0.918,0.894,0.024
BNPAH_20419,60,0.592,0.562,0.03
BNPAH_22813,64,0.924,0.879,0.045
BNPAH_23051,64,0.591,0.599,-0.008
BNPAH_27584,71,0.495,0.505,-0.01
BNPAH_28544,73,0.95,0.926,0.024
BNPAH_01777,14,0.418,0.444,-0.026
BNPAH_02184,16,1.004,0.986,0.018
BNPAH_03677,20,0.549,0.558,-0.009
BNPAH_03755,21,1.863,1.92,-0.057
BNPAH_04776,23,0.957,0.904,0.053
BNPAH_05790,27,0.572,0.504,0.068
BNPAH_08122,35,1.393,1.344,0.049
BNPAH_14230,50,0.233,0.212,0.021
BNPAH_14676,51,0.653,0.376,0.277
BNPAH_14742,51,0.639,0.32,0.319
BNPAH_15392,52,0.08,0.09,-0.01
BNPAH_17094,55,0.682,0.674,0.008
BNPAH_18106,56,0.204,0.179,0.025
BNPAH_20416,60,0.63,0.303,0.327
BNPAH_21126,61,0.876,0.847,0.029
BNPAH_22300,63,0.912,0.893,0.019
BNPAH_22714,64,0.637,0.589,0.048
BNPAH_23144,64,0.526,0.546,-0.02
BNPAH_26720,70,0.649,0.599,0.05
BNPAH_27401,71,0.924,0.561,0.363
BNPAH_05815,27,0.534,0.458,0.076
BNPAH_13236,49,1.419,1.287,0.132
BNPAH_13849,50,1.728,1.626,0.102
BNPAH_14617,51,0.15,0.118,0.032
BNPAH_17314,55,0.456,0.414,0.042
BNPAH_18856,58,0.805,0.471,0.334
BNPAH_18992,58,0.877,0.852,0.025
BNPAH_20004,59,0.651,0.649,0.002
BNPAH_20178,60,0.894,0.83,0.064
BNPAH_21357,61,0.376,0.363,0.013
BNPAH_22341,63,0.552,0.516,0.036
BNPAH_22792,64,0.783,0.734,0.049
BNPAH_24930,67,0.481,0.168,0.313
BNPAH_26028,69,0.621,0.288,0.333
BNPAH_26078,69,0.545,0.548,-0.003
BNPAH_26647,70,0.414,0.135,0.279
BNPAH_03298,20,1.34,1.34,0.0
BNPAH_04621,23,1.29,1.248,0.042
BNPAH_05238,24,0.598,0.324,0.274
BNPAH_07994,35,1.224,1.156,0.068
BNPAH_09769,41,0.611,0.212,0.399
BNPAH_10618,43,0.651,0.615,0.036
BNPAH_12569,48,0.837,0.798,0.039
BNPAH_13652,50,0.441,-0.032,0.473
BNPAH_14908,52,0.679,0.288,0.391
BNPAH_18208,57,0.775,0.718,0.057
BNPAH_18903,58,0.421,0.413,0.008
BNPAH_18933,58,0.721,0.263,0.458
BNPAH_23119,64,1.026,0.99,0.036
BNPAH_30135,75,0.666,0.387,0.279
BNPAH_01861,14,1.746,1.716,0.03
BNPAH_08148,35,0.788,0.794,-0.006
BNPAH_10368,42,0.523,0.488,0.035
BNPAH_10667,43,0.499,0.444,0.055
BNPAH_12499,48,0.404,0.376,0.028
BNPAH_19578,59,0.654,0.602,0.052
BNPAH_20593,60,0.742,0.697,0.045
BNPAH_22061,63,0.87,0.849,0.021
BNPAH_22728,64,1.867,1.794,0.073
BNPAH_23174,64,0.484,0.16,0.324
BNPAH_24557,67,1.599,1.534,0.065
BNPAH_24924,67,0.316,0.025,0.291
BNPAH_26362,70,0.561,0.521,0.04
BNPAH_28866,73,0.521,0.485,0.036
BNPAH_29853,75,0.807,0.771,0.036
BNPAH_29894,75,0.696,0.333,0.363
BNPAH_01279,12,0.874,0.827,0.047
BNPAH_05305,24,1.162,1.039,0.123
BNPAH_10722,43,1.992,1.912,0.08
BNPAH_11221,45,0.89,0.87,0.02
BNPAH_14085,50,2.029,1.948,0.081
BNPAH_14178,50,0.13,0.129,0.001
BNPAH_14791,51,0.658,0.335,0.323
BNPAH_19954,59,0.947,0.94,0.007
BNPAH_20544,60,0.606,0.581,0.025
BNPAH_21101,61,0.594,0.578,0.016
BNPAH_21163,61,0.53,0.516,0.014
BNPAH_22815,64,0.452,0.407,0.045
BNPAH_22971,64,1.417,1.366,0.051
BNPAH_26049,69,0.664,0.639,0.025
BNPAH_26187,69,0.733,0.696,0.037
BNPAH_27370,71,0.087,0.054,0.033
BNPAH_28754,73,0.767,0.454,0.313
BNPAH_30441,76,1.437,1.508,-0.071
BNPAH_01214,12,0.738,0.673,0.065
BNPAH_01234,12,0.813,0.753,0.06
BNPAH_01698,14,0.567,0.496,0.071
BNPAH_03256,20,0.696,0.711,-0.015
BNPAH_03277,20,0.886,0.827,0.059
BNPAH_04045,21,1.458,1.426,0.032
BNPAH_04859,23,0.635,0.605,0.03
BNPAH_06799,31,1.703,1.61,0.093
BNPAH_07891,35,1.285,1.199,0.086
BNPAH_10312,42,0.636,0.562,0.074
BNPAH_11382,45,1.348,1.339,0.009
BNPAH_11489,46,1.159,1.141,0.018
BNPAH_12401,47,1.129,1.117,0.012
BNPAH_14019,50,0.466,0.419,0.047
BNPAH_14815,51,0.405,0.469,-0.064
BNPAH_16487,54,0.592,0.591,0.001
BNPAH_16656,54,1.567,1.455,0.112
BNPAH_17791,56,0.534,0.165,0.369
BNPAH_17798,56,0.514,0.519,-0.005
BNPAH_18518,57,0.142,0.122,0.02
BNPAH_18523,57,1.108,1.029,0.079
BNPAH_20541,60,0.737,0.39,0.347
BNPAH_22553,63,0.86,0.813,0.047
BNPAH_23096,64,1.116,1.062,0.054
BNPAH_24440,67,0.891,0.866,0.025
BNPAH_26360,70,0.582,0.291,0.291
BNPAH_30002,75,1.066,0.941,0.125
BNPAH_02871,19,1.92,1.769,0.151
BNPAH_04662,23,1.095,1.065,0.03
BNPAH_09620,40,0.546,0.202,0.344
BNPAH_10390,42,0.863,0.76,0.103
BNPAH_13969,50,0.57,0.269,0.301
BNPAH_14436,51,1.308,1.228,0.08
BNPAH_14698,51,1.047,0.911,0.136
BNPAH_17893,56,0.706,0.641,0.065
BNPAH_18995,58,1.439,1.365,0.074
BNPAH_20650,60,1.651,1.591,0.06
BNPAH_20809,61,1.254,1.238,0.016
BNPAH_22194,63,0.469,0.464,0.005
BNPAH_22614,64,0.601,0.286,0.315
BNPAH_23048,64,1.06,1.003,0.057
BNPAH_23120,64,0.702,0.663,0.039
BNPAH_24485,67,1.433,1.322,0.111
BNPAH_26776,70,0.613,0.595,0.018
BNPAH_27737,72,0.671,0.59,0.081
BNPAH_02036,15,1.397,1.32,0.077
BNPAH_03270,20,1.122,1.098,0.024
BNPAH_04860,23,0.586,0.52,0.066
BNPAH_07346,33,0.534,0.466,0.068
BNPAH_07420,33,0.705,0.337,0.368
BNPAH_09567,40,1.604,1.476,0.128
BNPAH_10494,43,0.335,0.278,0.057
BNPAH_11204,45,0.47,0.446,0.024
BNPAH_11205,45,1.005,0.95,0.055
BNPAH_14741,51,0.704,0.4,0.304
BNPAH_16340,54,1.741,1.607,0.134
BNPAH_17891,56,0.247,0.193,0.054
BNPAH_18883,58,0.733,0.658,0.075
BNPAH_19617,59,1.674,1.61,0.064
BNPAH_19795,59,0.754,0.371,0.383
BNPAH_21980,63,0.744,0.695,0.049
BNPAH_22717,64,0.753,0.713,0.04
BNPAH_23195,64,0.27,0.233,0.037
BNPAH_24571,67,0.222,0.201,0.021
BNPAH_25496,68,1.026,0.914,0.112
BNPAH_26237,69,0.662,0.612,0.05
BNPAH_26335,70,-0.058,-0.032,-0.026
BNPAH_28023,72,0.465,0.019,0.446
BNPAH_28608,73,0.958,0.903,0.055
BNPAH_30133,75,0.272,0.271,0.001
BNPAH_05812,27,0.807,0.746,0.061
BNPAH_05970,28,1.115,1.038,0.077
BNPAH_06097,28,0.765,0.707,0.058
BNPAH_07124,32,0.741,0.7,0.041
BNPAH_07132,32,1.693,1.59,0.103
BNPAH_08214,36,0.032,-0.017,0.049
BNPAH_10523,43,0.89,0.85,0.04
BNPAH_12685,48,2.348,2.202,0.146
BNPAH_13029,48,0.316,0.024,0.292
BNPAH_13124,49,1.921,1.909,0.012
BNPAH_13319,49,0.513,0.504,0.009
BNPAH_13727,50,1.023,0.892,0.131
BNPAH_15537,52,0.037,0.023,0.014
BNPAH_17841,56,0.428,0.404,0.024
BNPAH_21501,62,1.628,1.537,0.091
BNPAH_22055,63,1.021,0.94,0.081
BNPAH_22588,63,1.505,1.389,0.116
BNPAH_23147,64,0.487,0.439,0.048
BNPAH_24362,67,0.667,0.597,0.07
BNPAH_24495,67,0.541,0.51,0.031
BNPAH_27271,71,0.506,0.516,-0.01
BNPAH_28269,73,0.726,0.642,0.084
BNPAH_29378,74,0.759,0.607,0.152
BNPAH_08092,35,0.732,0.705,0.027
BNPAH_13050,49,0.682,0.706,-0.024
BNPAH_14823,51,1.878,1.807,0.071
BNPAH_17815,56,0.626,0.302,0.324
BNPAH_18783,57,0.267,0.205,0.062
BNPAH_20652,60,1.241,1.218,0.023
BNPAH_27409,71,0.801,0.789,0.012
BNPAH_08690,37,0.691,0.641,0.05
BNPAH_09123,39,0.479,0.415,0.064
BNPAH_09165,39,0.68,0.681,-0.001
BNPAH_10321,42,1.345,1.2,0.145
BNPAH_12936,48,2.303,2.167,0.136
BNPAH_13736,50,2.008,1.906,0.102
BNPAH_15504,52,1.065,1.061,0.004
BNPAH_17677,56,0.585,0.585,0.0
BNPAH_20345,60,1.143,1.084,0.059
BNPAH_21572,62,1.625,1.496,0.129
BNPAH_22737,64,1.237,1.171,0.066
BNPAH_23043,64,0.681,0.655,0.026
BNPAH_25609,68,0.239,0.239,0.0
BNPAH_26185,69,0.63,0.586,0.044
BNPAH_26989,71,0.025,-0.008,0.033
BNPAH_04861,23,1.098,1.06,0.038
BNPAH_13009,48,1.767,1.829,-0.062
BNPAH_17240,55,0.299,0.012,0.287
BNPAH_18809,58,0.52,0.494,0.026
BNPAH_19583,59,0.514,0.496,0.018
BNPAH_20101,60,0.583,0.58,0.003
BNPAH_22617,64,0.404,0.38,0.024
BNPAH_26982,71,1.027,0.961,0.066
BNPAH_27264,71,0.729,0.716,0.013
BNPAH_27638,72,0.418,0.26,0.158
BNPAH_05220,24,2.039,1.977,0.062
BNPAH_08519,37,0.986,0.901,0.085
BNPAH_10238,42,1.198,1.054,0.144
BNPAH_10373,42,1.461,1.323,0.138
BNPAH_10448,43,0.099,0.127,-0.028
BNPAH_11180,45,1.393,1.33,0.063
BNPAH_13729,50,1.37,1.199,0.171
BNPAH_15346,52,0.942,0.832,0.11
BNPAH_16798,54,0.5,0.2,0.3
BNPAH_19886,59,0.764,0.693,0.071
BNPAH_20134,60,0.465,0.393,0.072
BNPAH_21987,63,1.28,1.189,0.091
BNPAH_23150,64,0.339,0.303,0.036
BNPAH_25978,69,0.203,0.165,0.038
BNPAH_25997,69,0.02,0.014,0.006
BNPAH_27426,71,0.807,0.711,0.096
BNPAH_27690,72,0.715,0.628,0.087
BNPAH_28831,73,1.25,1.133,0.117
BNPAH_02899,19,1.764,1.738,0.026
BNPAH_04838,23,0.542,0.489,0.053
BNPAH_11249,45,1.372,1.311,0.061
BNPAH_18928,58,0.502,0.217,0.285
BNPAH_19983,59,0.807,0.744,0.063
BNPAH_20054,59,0.584,0.543,0.041
BNPAH_20810,61,1.422,1.425,-0.003
BNPAH_22490,63,1.948,1.853,0.095
BNPAH_23218,64,0.481,0.211,0.27
BNPAH_24394,67,0.337,0.318,0.019
BNPAH_24396,67,0.406,0.419,-0.013
BNPAH_28001,72,0.098,0.089,0.009
BNPAH_29141,74,0.945,0.841,0.104
BNPAH_29950,75,0.285,0.275,0.01
BNPAH_07493,33,1.588,1.505,0.083
BNPAH_09544,40,1.121,1.025,0.096
BNPAH_10715,43,0.699,0.365,0.334
BNPAH_11322,45,0.302,0.307,-0.005
BNPAH_11909,46,2.1,2.04,0.06
BNPAH_12080,47,1.383,1.319,0.064
BNPAH_12398,47,1.411,1.36,0.051
BNPAH_14185,50,0.568,0.552,0.016
BNPAH_16263,54,0.26,0.189,0.071
BNPAH_19554,59,0.54,0.463,0.077
BNPAH_20365,60,0.567,0.528,0.039
BNPAH_22666,64,0.433,0.143,0.29
BNPAH_23110,64,1.946,1.869,0.077
BNPAH_25678,69,0.904,0.864,0.04
BNPAH_25760,69,0.715,0.674,0.041
BNPAH_07130,32,1.06,1.042,0.018
BNPAH_07191,32,2.039,1.955,0.084
BNPAH_08240,36,1.566,1.53,0.036
BNPAH_09819,41,0.27,0.214,0.056
BNPAH_12787,48,0.228,0.195,0.033
BNPAH_14074,50,1.352,1.221,0.131
BNPAH_14801,51,0.864,0.78,0.084
BNPAH_16486,54,0.443,0.389,0.054
BNPAH_18901,58,1.019,0.983,0.036
BNPAH_19275,58,2.038,1.96,0.078
BNPAH_23194,64,0.63,0.592,0.038
BNPAH_24703,67,1.56,1.492,0.068
BNPAH_27525,71,0.278,0.212,0.066
BNPAH_29662,75,0.168,0.127,0.041
BNPAH_29997,75,0.254,0.242,0.012
BNPAH_03275,20,0.8,0.739,0.061
BNPAH_07032,32,1.473,1.452,0.021
BNPAH_07974,35,0.498,0.493,0.005
BNPAH_10391,42,0.833,0.762,0.071
BNPAH_10696,43,0.559,0.227,0.332
BNPAH_12521,48,0.739,0.705,0.034
BNPAH_12526,48,1.349,1.278,0.071
BNPAH_12760,48,1.785,1.829,-0.044
BNPAH_14122,50,1.788,1.659,0.129
BNPAH_16650,54,0.738,0.348,0.39
BNPAH_18735,57,0.925,0.905,0.02
BNPAH_20776,61,1.746,1.654,0.092
BNPAH_21231,61,1.128,1.081,0.047
BNPAH_22533,63,1.122,1.049,0.073
BNPAH_22538,63,1.819,1.732,0.087
BNPAH_22638,64,0.837,0.799,0.038
BNPAH_22682,64,1.026,0.976,0.05
BNPAH_25248,68,0.807,0.691,0.116
BNPAH_25809,69,0.271,0.196,0.075
BNPAH_26794,70,0.831,0.797,0.034
BNPAH_26936,70,0.412,0.08,0.332
BNPAH_28231,72,0.817,0.81,0.007
BNPAH_01465,13,1.843,1.751,0.092
BNPAH_02289,16,0.801,0.774,0.027
BNPAH_06099,28,0.541,0.501,0.04
BNPAH_07756,34,1.111,1.169,-0.058
BNPAH_08692,37,0.73,0.641,0.089
BNPAH_08794,38,0.494,0.426,0.068
BNPAH_10422,43,0.637,0.585,0.052
BNPAH_11078,45,0.786,0.744,0.042
BNPAH_11686,46,1.431,1.379,0.052
BNPAH_12790,48,0.759,0.736,0.023
BNPAH_13170,49,1.415,1.413,0.002
BNPAH_14798,51,1.358,1.241,0.117
BNPAH_16831,54,1.974,1.901,0.073
BNPAH_17504,56,0.419,0.402,0.017
BNPAH_17684,56,0.811,0.774,0.037
BNPAH_19561,59,1.155,1.104,0.051
BNPAH_22851,64,1.746,1.673,0.073
BNPAH_26068,69,0.708,0.397,0.311
BNPAH_26771,70,0.898,0.842,0.056
BNPAH_28213,72,0.607,0.568,0.039
BNPAH_03359,20,1.255,1.172,0.083
BNPAH_04597,23,0.822,0.785,0.037
BNPAH_07065,32,1.82,1.747,0.073
BNPAH_07971,35,1.014,0.972,0.042
BNPAH_10113,42,0.458,0.378,0.08
BNPAH_13802,50,0.86,0.76,0.1
BNPAH_14640,51,0.451,0.438,0.013
BNPAH_15274,52,0.793,0.705,0.088
BNPAH_19244,58,0.707,0.636,0.071
BNPAH_20341,60,0.617,0.558,0.059
BNPAH_20860,61,1.492,1.426,0.066
BNPAH_24489,67,1.234,1.165,0.069
BNPAH_24709,67,1.63,1.561,0.069
BNPAH_26044,69,0.597,0.525,0.072
BNPAH_26213,69,0.54,0.495,0.045
BNPAH_27335,71,1.938,1.87,0.068
BNPAH_01784,14,0.785,0.742,0.043
BNPAH_04043,21,2.045,2.045,0.0
BNPAH_08067,35,0.777,0.735,0.042
BNPAH_08194,36,0.858,0.846,0.012
BNPAH_09195,39,0.473,0.403,0.07
BNPAH_09717,40,1.533,1.377,0.156
BNPAH_14744,51,1.05,1.03,0.02
BNPAH_17218,55,0.48,0.495,-0.015
BNPAH_17506,56,0.199,0.167,0.032
BNPAH_18203,57,0.364,0.326,0.038
BNPAH_19556,59,0.601,0.519,0.082
BNPAH_20863,61,1.122,1.114,0.008
BNPAH_20891,61,1.551,1.505,0.046
BNPAH_25660,69,0.089,0.066,0.023
BNPAH_26339,70,0.779,0.704,0.075
BNPAH_26747,70,0.814,0.787,0.027
BNPAH_28874,73,0.44,0.438,0.002
BNPAH_02222,16,0.421,0.377,0.044
BNPAH_03300,20,1.956,1.873,0.083
BNPAH_09117,39,0.174,0.186,-0.012
BNPAH_10470,43,0.602,0.54,0.062
BNPAH_10544,43,0.872,0.808,0.064
BNPAH_10760,44,1.431,1.323,0.108
BNPAH_11297,45,0.525,0.506,0.019
BNPAH_12002,47,1.839,1.701,0.138
BNPAH_12501,48,0.9,0.873,0.027
BNPAH_15770,53,0.356,0.282,0.074
BNPAH_16923,55,0.892,0.866,0.026
BNPAH_17270,55,0.604,0.53,0.074
BNPAH_17291,55,0.408,0.356,0.052
BNPAH_18955,58,0.576,0.555,0.021
BNPAH_20135,60,0.664,0.639,0.025
BNPAH_23155,64,0.488,0.452,0.036
BNPAH_24948,67,0.529,0.494,0.035
BNPAH_26048,69,0.482,0.073,0.409
BNPAH_01808,14,1.868,1.821,0.047
BNPAH_02251,16,1.913,1.874,0.039
BNPAH_03453,20,1.382,1.349,0.033
BNPAH_05817,27,0.793,0.713,0.08
BNPAH_08549,37,0.761,0.761,0.0
BNPAH_09137,39,0.739,0.708,0.031
BNPAH_09667,40,0.721,0.623,0.098
BNPAH_10296,42,0.68,0.35,0.33
BNPAH_10746,44,0.4,0.327,0.073
BNPAH_16957,55,0.572,0.498,0.074
BNPAH_17534,56,0.085,0.048,0.037
BNPAH_18491,57,0.216,0.163,0.053
BNPAH_20366,60,0.429,0.419,0.01
BNPAH_21998,63,1.989,1.92,0.069
BNPAH_22292,63,0.956,0.902,0.054
BNPAH_24699,67,0.987,0.957,0.03
BNPAH_24974,67,0.16,0.16,0.0
BNPAH_25117,68,1.249,1.135,0.114
BNPAH_26001,69,1.002,0.645,0.357
BNPAH_26671,70,0.576,0.22,0.356
BNPAH_26695,70,0.839,0.511,0.328
BNPAH_26697,70,0.429,0.375,0.054
BNPAH_26888,70,0.508,0.483,0.025
BNPAH_27977,72,0.98,0.938,0.042
BNPAH_28080,72,0.8,0.403,0.397
BNPAH_01211,12,0.528,0.212,0.316
BNPAH_03455,20,1.194,1.128,0.066
BNPAH_06533,30,1.654,1.653,0.001
BNPAH_12476,47,0.949,0.841,0.108
BNPAH_17267,55,0.058,0.04,0.018
BNPAH_17293,55,0.795,0.736,0.059
BNPAH_19785,59,0.992,0.964,0.028
BNPAH_21447,62,1.193,1.145,0.048
BNPAH_23222,64,0.628,0.587,0.041
BNPAH_26260,69,0.075,0.048,0.027
BNPAH_28946,74,0.169,0.1,0.069
BNPAH_29920,75,0.126,0.138,-0.012
BNPAH_05242,24,1.273,1.163,0.11
BNPAH_07886,35,1.015,0.949,0.066
BNPAH_17220,55,0.649,0.268,0.381
BNPAH_17268,55,0.766,0.746,0.02
BNPAH_18154,57,0.165,0.135,0.03
BNPAH_18590,57,0.611,0.267,0.344
BNPAH_18878,58,0.735,0.682,0.053
BNPAH_20420,60,0.752,0.738,0.014
BNPAH_20491,60,0.756,0.35,0.406
BNPAH_20992,61,1.7,1.653,0.047
BNPAH_22537,63,1.4,1.31,0.09
BNPAH_25320,68,0.593,0.545,0.048
BNPAH_26591,70,1.789,1.664,0.125
BNPAH_28728,73,0.749,0.586,0.163
BNPAH_01252,12,0.905,0.856,0.049
BNPAH_07898,35,1.394,1.293,0.101
BNPAH_08949,38,1.397,1.284,0.113
BNPAH_09201,39,2.087,2.001,0.086
BNPAH_09644,40,0.498,0.125,0.373
BNPAH_10993,44,0.172,0.149,0.023
BNPAH_12544,48,0.879,0.806,0.073
BNPAH_12591,48,0.863,0.812,0.051
BNPAH_14280,51,0.119,0.105,0.014
BNPAH_14502,51,1.49,1.446,0.044
BNPAH_15786,53,0.326,0.295,0.031
BNPAH_19970,59,1.149,1.102,0.047
BNPAH_20006,59,0.433,0.433,0.0
BNPAH_20370,60,0.955,0.933,0.022
BNPAH_22006,63,1.079,0.991,0.088
BNPAH_22472,63,1.593,1.545,0.048
BNPAH_23201,64,0.532,0.461,0.071
BNPAH_23442,65,1.159,0.998,0.161
BNPAH_24900,67,0.371,0.331,0.04
BNPAH_26188,69,0.97,0.864,0.106
BNPAH_26312,70,0.676,0.346,0.33
BNPAH_27765,72,0.899,0.762,0.137
BNPAH_28745,73,0.589,0.51,0.079
BNPAH_28966,74,0.292,0.289,0.003
BNPAH_02793,19,0.306,0.273,0.033
BNPAH_03410,20,2.184,2.088,0.096
BNPAH_07043,32,1.791,1.766,0.025
BNPAH_08799,38,0.597,0.207,0.39
BNPAH_10371,42,1.669,1.535,0.134
BNPAH_11347,45,0.592,0.571,0.021
BNPAH_15341,52,0.123,0.092,0.031
BNPAH_17990,56,0.406,0.36,0.046
BNPAH_19767,59,0.761,0.703,0.058
BNPAH_21784,62,0.981,0.895,0.086
BNPAH_24446,67,0.348,0.321,0.027
BNPAH_25027,68,0.663,0.519,0.144
BNPAH_25736,69,0.138,0.097,0.041
BNPAH_26067,69,0.891,0.766,0.125
BNPAH_26676,70,0.589,0.26,0.329
BNPAH_29998,75,0.531,0.226,0.305
BNPAH_01272,12,0.821,0.796,0.025
BNPAH_01716,14,1.076,1.059,0.017
BNPAH_02053,15,1.098,1.043,0.055
BNPAH_07119,32,1.009,0.984,0.025
BNPAH_10111,42,0.448,0.074,0.374
BNPAH_12811,48,0.384,0.313,0.071
BNPAH_14883,51,0.16,0.116,0.044
BNPAH_15529,52,0.582,0.274,0.308
BNPAH_17459,55,0.659,0.34,0.319
BNPAH_18798,58,1.199,1.15,0.049
BNPAH_19531,59,0.603,0.552,0.051
BNPAH_19563,59,1.119,1.117,0.002
BNPAH_20231,60,0.481,0.451,0.03
BNPAH_20233,60,0.555,0.538,0.017
BNPAH_20283,60,1.194,1.187,0.007
BNPAH_21499,62,1.582,1.491,0.091
BNPAH_21614,62,0.683,0.593,0.09
BNPAH_23037,64,2.037,1.922,0.115
BNPAH_26721,70,0.501,0.463,0.038
BNPAH_26887,70,0.713,0.397,0.316
BNPAH_30163,75,0.54,0.503,0.037
BNPAH_02685,18,0.972,0.926,0.046
BNPAH_07058,32,1.672,1.642,0.03
BNPAH_09297,39,0.734,0.688,0.046
BNPAH_11246,45,0.912,0.877,0.035
BNPAH_11380,45,1.173,1.117,0.056
BNPAH_12674,48,1.616,1.486,0.13
BNPAH_16884,55,1.0,0.905,0.095
BNPAH_16905,55,0.525,0.504,0.021
BNPAH_17862,56,0.765,0.746,0.019
BNPAH_18156,57,0.666,0.603,0.063
BNPAH_19966,59,1.123,1.112,0.011
BNPAH_22319,63,0.518,0.19,0.328
BNPAH_24421,67,0.127,0.124,0.003
BNPAH_28052,72,0.733,0.628,0.105
BNPAH_29564,75,0.346,0.301,0.045
BNPAH_01574,13,1.129,1.078,0.051
BNPAH_02224,16,0.544,0.488,0.056
BNPAH_05839,27,0.876,0.794,0.082
BNPAH_06594,30,1.601,1.626,-0.025
BNPAH_07100,32,0.418,0.353,0.065
BNPAH_07294,33,0.676,0.258,0.418
BNPAH_08344,36,0.782,0.768,0.014
BNPAH_08501,37,0.697,0.674,0.023
BNPAH_10792,44,0.495,0.463,0.032
BNPAH_11150,45,1.763,1.677,0.086
BNPAH_12287,47,2.159,2.142,0.017
BNPAH_12739,48,0.774,0.715,0.059
BNPAH_14619,51,0.977,0.924,0.053
BNPAH_16727,54,0.868,0.795,0.073
BNPAH_17602,56,0.3,0.277,0.023
BNPAH_17973,56,0.86,0.818,0.042
BNPAH_20443,60,0.71,0.652,0.058
BNPAH_21256,61,1.463,1.389,0.074
BNPAH_21332,61,0.468,0.455,0.013
BNPAH_22945,64,0.699,0.665,0.034
BNPAH_26649,70,0.353,0.297,0.056
BNPAH_27538,71,0.449,0.307,0.142
BNPAH_29970,75,0.308,0.285,0.023
BNPAH_02718,18,0.408,0.411,-0.003
BNPAH_03641,20,1.948,1.841,0.107
BNPAH_05280,24,0.53,0.184,0.346
BNPAH_05802,27,1.364,1.368,-0.004
BNPAH_06704,31,1.073,1.044,0.029
BNPAH_08029,35,1.153,1.144,0.009
BNPAH_08388,36,1.312,1.257,0.055
BNPAH_08965,38,0.761,0.696,0.065
BNPAH_11209,45,1.723,1.655,0.068
BNPAH_12788,48,0.584,0.542,0.042
BNPAH_13507,49,1.501,1.423,0.078
BNPAH_13679,50,1.006,0.971,0.035
BNPAH_14387,51,0.673,0.593,0.08
BNPAH_15446,52,1.638,1.52,0.118
BNPAH_17942,56,0.172,0.158,0.014
BNPAH_18439,57,0.781,0.739,0.042
BNPAH_18958,58,0.708,0.651,0.057
BNPAH_19214,58,0.388,0.345,0.043
BNPAH_19959,59,0.914,0.88,0.034
BNPAH_20150,60,0.71,0.64,0.07
BNPAH_21325,61,0.781,0.772,0.009
BNPAH_21872,62,1.45,1.38,0.07
BNPAH_22860,64,2.039,1.944,0.095
BNPAH_23219,64,0.585,0.622,-0.037
BNPAH_24975,67,0.758,0.717,0.041
BNPAH_27712,72,0.293,0.271,0.022
BNPAH_05838,27,0.832,0.786,0.046
BNPAH_07184,32,1.789,1.728,0.061
BNPAH_07556,33,0.647,0.315,0.332
BNPAH_10004,41,0.097,0.068,0.029
BNPAH_13011,48,1.854,1.905,-0.051
BNPAH_20059,59,0.533,0.461,0.072
BNPAH_21159,61,0.863,0.794,0.069
BNPAH_26482,70,1.767,1.676,0.091
BNPAH_28364,73,0.876,0.803,0.073
BNPAH_29140,74,0.898,0.817,0.081
BNPAH_03291,20,1.682,1.607,0.075
BNPAH_07292,33,0.78,0.71,0.07
BNPAH_11206,45,0.627,0.57,0.057
BNPAH_11300,45,1.047,1.016,0.031
BNPAH_12500,48,0.661,0.298,0.363
BNPAH_12981,48,1.758,1.794,-0.036
BNPAH_13558,49,1.223,1.121,0.102
BNPAH_16827,54,1.538,1.473,0.065
BNPAH_16907,55,0.774,0.742,0.032
BNPAH_19270,58,0.684,0.642,0.042
BNPAH_24901,67,0.351,0.299,0.052
BNPAH_26910,70,0.94,0.867,0.073
BNPAH_28823,73,0.042,0.085,-0.043
BNPAH_29021,74,1.425,1.289,0.136
BNPAH_29875,75,0.886,0.837,0.049
BNPAH_01714,14,0.865,0.831,0.034
BNPAH_02492,17,0.783,0.737,0.046
BNPAH_05968,28,0.763,0.702,0.061
BNPAH_08590,37,1.376,1.27,0.106
BNPAH_12927,48,1.995,1.875,0.12
BNPAH_13315,49,0.7,0.712,-0.012
BNPAH_14021,50,0.739,0.665,0.074
BNPAH_14281,51,0.443,0.167,0.276
BNPAH_18153,57,0.269,0.211,0.058
BNPAH_19480,59,0.753,0.344,0.409
BNPAH_20387,60,1.181,1.163,0.018
BNPAH_21645,62,1.214,1.235,-0.021
BNPAH_21837,62,0.605,0.559,0.046
BNPAH_24395,67,0.315,0.28,0.035
BNPAH_27238,71,1.304,1.226,0.078
BNPAH_01610,13,1.183,1.114,0.069
BNPAH_03312,20,1.459,1.455,0.004
BNPAH_03413,20,1.778,1.693,0.085
BNPAH_04552,23,0.676,0.621,0.055
BNPAH_08294,36,0.577,0.553,0.024
BNPAH_08410,36,0.733,0.694,0.039
BNPAH_08824,38,0.118,0.129,-0.011
BNPAH_11305,45,1.199,1.133,0.066
BNPAH_11994,47,1.16,1.08,0.08
BNPAH_12087,47,1.17,1.161,0.009
BNPAH_12088,47,0.82,0.78,0.04
BNPAH_12542,48,1.177,1.077,0.1
BNPAH_14743,51,0.979,0.962,0.017
BNPAH_15224,52,0.954,0.889,0.065
BNPAH_15394,52,0.623,0.614,0.009
BNPAH_15396,52,1.119,1.011,0.108
BNPAH_18516,57,-0.008,-0.019,0.011
BNPAH_19689,59,1.274,1.26,0.014
BNPAH_20160,60,0.709,0.688,0.021
BNPAH_21676,62,1.529,1.401,0.128
BNPAH_22272,63,1.156,1.067,0.089
BNPAH_22562,63,0.894,0.831,0.063
BNPAH_22641,64,0.488,0.44,0.048
BNPAH_23047,64,1.024,0.968,0.056
BNPAH_26337,70,0.227,0.204,0.023
BNPAH_26357,70,0.698,0.624,0.074
BNPAH_26891,70,0.776,0.753,0.023
BNPAH_30550,76,1.378,1.322,0.056
BNPAH_07551,33,0.69,0.637,0.053
BNPAH_07956,35,0.993,0.909,0.084
BNPAH_08236,36,0.888,0.843,0.045
BNPAH_13033,48,1.165,1.074,0.091
BNPAH_13273,49,0.799,0.757,0.042
BNPAH_17596,56,1.565,1.51,0.055
BNPAH_18177,57,0.627,0.131,0.496
BNPAH_19045,58,1.124,1.053,0.071
BNPAH_19614,59,1.726,1.656,0.07
BNPAH_20342,60,0.699,0.673,0.026
BNPAH_23121,64,1.209,1.148,0.061
BNPAH_26938,70,0.355,0.319,0.036
BNPAH_27637,72,0.106,0.067,0.039
BNPAH_28002,72,0.874,0.467,0.407
BNPAH_28414,73,0.763,0.696,0.067
BNPAH_28864,73,0.26,0.239,0.021
BNPAH_29353,74,1.315,1.277,0.038
BNPAH_01297,12,0.261,0.219,0.042
BNPAH_07916,35,1.828,1.791,0.037
BNPAH_08036,35,0.671,0.602,0.069
BNPAH_08819,38,-0.045,-0.063,0.018
BNPAH_14071,50,1.182,1.066,0.116
BNPAH_19461,59,1.163,1.147,0.016
BNPAH_19580,59,0.468,0.392,0.076
BNPAH_19845,59,0.544,0.445,0.099
BNPAH_21323,61,0.812,0.736,0.076
BNPAH_23171,64,0.648,0.57,0.078
BNPAH_26880,70,0.902,0.865,0.037
BNPAH_29891,75,2.202,2.063,0.139
BNPAH_30481,76,0.602,0.635,-0.033
BNPAH_03597,20,0.685,0.669,0.016
BNPAH_04733,23,0.661,0.594,0.067
BNPAH_06964,32,0.213,0.124,0.089
BNPAH_07494,33,1.224,1.189,0.035
BNPAH_08071,35,1.033,0.98,0.053
BNPAH_08095,35,0.645,0.614,0.031
BNPAH_10568,43,0.771,0.712,0.059
BNPAH_11256,45,1.062,0.998,0.064
BNPAH_13435,49,1.411,1.414,-0.003
BNPAH_14257,51,0.057,0.064,-0.007
BNPAH_14454,51,1.491,1.494,-0.003
BNPAH_14548,51,1.68,1.516,0.164
BNPAH_17556,56,0.641,0.575,0.066
BNPAH_18567,57,0.223,0.174,0.049
BNPAH_19192,58,0.615,0.14,0.475
BNPAH_21137,61,0.547,0.473,0.074
BNPAH_22268,63,0.91,0.907,0.003
BNPAH_24873,67,0.474,0.482,-0.008
BNPAH_26025,69,0.042,-0.006,0.048
BNPAH_27487,71,0.664,0.589,0.075
BNPAH_28968,74,0.527,0.153,0.374
BNPAH_29639,75,0.842,0.827,0.015
BNPAH_29689,75,1.178,1.033,0.145
BNPAH_30161,75,0.777,0.377,0.4
BNPAH_04862,23,1.153,1.08,0.073
BNPAH_07317,33,0.593,0.507,0.086
BNPAH_07754,34,1.089,1.124,-0.035
BNPAH_10313,42,0.036,0.029,0.007
BNPAH_12522,48,0.362,0.301,0.061
BNPAH_15363,52,0.304,0.039,0.265
BNPAH_15391,52,0.563,0.183,0.38
BNPAH_18128,56,0.618,0.289,0.329
BNPAH_18328,57,1.355,1.277,0.078
BNPAH_22318,63,0.647,0.316,0.331
BNPAH_22391,63,0.542,0.478,0.064
BNPAH_01735,14,1.01,0.954,0.056
BNPAH_01900,15,0.717,0.649,0.068
BNPAH_02708,18,0.991,0.965,0.026
BNPAH_04618,23,1.05,0.994,0.056
BNPAH_09241,39,0.518,0.474,0.044
BNPAH_09783,41,1.426,1.324,0.102
BNPAH_10144,42,0.421,0.389,0.032
BNPAH_11375,45,1.058,1.003,0.055
BNPAH_12568,48,0.913,0.826,0.087
BNPAH_12876,48,1.827,1.848,-0.021
BNPAH_13761,50,1.847,1.75,0.097
BNPAH_13964,50,0.837,0.809,0.028
BNPAH_14885,51,0.246,-0.116,0.362
BNPAH_17502,56,0.59,0.242,0.348
BNPAH_18989,58,1.886,1.799,0.087
BNPAH_18996,58,1.1,1.07,0.03
BNPAH_20020,59,1.149,1.143,0.006
BNPAH_20124,60,0.911,0.85,0.061
BNPAH_20337,60,1.747,1.692,0.055
BNPAH_22712,64,1.097,1.04,0.057
BNPAH_24949,67,0.458,0.138,0.32
BNPAH_28610,73,0.632,0.578,0.054
BNPAH_28881,73,1.01,0.882,0.128
