Mol_Index,PAH,S1,f01,T1,STG
BNPAH_00311,6,1.844,0.00469255,1.912,-0.068
BNPAH_00334,6,1.914,0.01151361,1.983,-0.069
BNPAH_01968,15,1.56,0.00681963,1.554,0.006
BNPAH_02055,15,1.04,0.00463425,1.051,-0.011
BNPAH_02361,17,1.419,0.01602093,1.44,-0.021
BNPAH_02432,17,1.363,0.01724492,1.372,-0.009
BNPAH_02892,19,1.815,0.01071584,1.815,0.0
BNPAH_03717,21,1.27,0.00047079,1.316,-0.046
BNPAH_03755,21,1.89,0.00986462,1.942,-0.052
BNPAH_03793,21,1.384,0.00406193,1.452,-0.068
BNPAH_04021,21,1.601,0.0042737,1.668,-0.067
BNPAH_04042,21,1.301,0.00163269,1.357,-0.056
BNPAH_04044,21,1.919,0.00838086,1.973,-0.054
BNPAH_04046,21,1.383,0.00184146,1.468,-0.085
BNPAH_04058,21,1.685,0.01133515,1.753,-0.068
BNPAH_05647,26,1.367,0.02029405,1.376,-0.009
BNPAH_05699,26,1.381,0.01685886,1.391,-0.01
BNPAH_06594,30,1.791,0.04616547,1.764,0.027
BNPAH_06839,31,1.978,0.00332606,1.997,-0.019
BNPAH_06891,31,2.043,0.01187549,2.062,-0.019
BNPAH_07008,32,1.081,0.0099746,1.101,-0.02
BNPAH_07034,32,1.002,0.00242041,1.01,-0.008
BNPAH_07754,34,1.319,0.0746394,1.242,0.077
BNPAH_07756,34,1.317,0.06844454,1.275,0.042
BNPAH_08342,36,1.368,0.03744345,1.376,-0.008
BNPAH_08551,37,1.378,0.04738645,1.386,-0.008
BNPAH_08667,37,1.158,0.00303707,1.17,-0.012
BNPAH_08946,38,1.216,0.01067775,1.238,-0.022
BNPAH_09553,40,1.505,0.03480192,1.506,-0.001
BNPAH_11257,45,1.5,0.00267683,1.533,-0.033
BNPAH_11350,45,1.166,0.00335394,1.205,-0.039
BNPAH_11473,46,1.33,0.00037304,1.373,-0.043
BNPAH_11519,46,1.306,0.00861089,1.373,-0.067
BNPAH_11533,46,1.093,0.00989854,1.092,0.001
BNPAH_11565,46,1.81,0.01289237,1.869,-0.059
BNPAH_11841,46,1.683,0.00492559,1.749,-0.066
BNPAH_11890,46,1.028,0.00561291,1.064,-0.036
BNPAH_11894,46,1.276,0.00698987,1.374,-0.098
BNPAH_11895,46,1.324,0.00044802,1.349,-0.025
BNPAH_11896,46,1.835,0.01160355,1.911,-0.076
BNPAH_11908,46,1.748,0.01274479,1.821,-0.073
BNPAH_12720,48,1.376,0.02480132,1.398,-0.022
BNPAH_12760,48,1.823,0.00716053,1.846,-0.023
BNPAH_12876,48,1.809,0.00536982,1.834,-0.025
BNPAH_13432,49,2.188,0.00535734,2.205,-0.017
BNPAH_13435,49,1.478,0.01528147,1.467,0.011
BNPAH_13464,49,1.279,0.01040688,1.28,-0.001
BNPAH_13466,49,1.222,0.01254202,1.24,-0.018
BNPAH_15060,52,1.155,0.00521971,1.172,-0.017
BNPAH_16290,54,1.345,0.03177588,1.365,-0.02
BNPAH_16546,54,1.462,0.05177401,1.46,0.002
BNPAH_16952,55,1.398,0.00374753,1.393,0.005
BNPAH_17045,55,1.267,0.0019337,1.285,-0.018
BNPAH_17063,55,1.069,0.00453615,1.096,-0.027
BNPAH_17113,55,1.054,0.01113674,1.077,-0.023
BNPAH_18423,57,1.832,0.02847244,1.85,-0.018
BNPAH_20785,61,1.339,0.00692791,1.336,0.003
BNPAH_20810,61,1.455,0.02741034,1.461,-0.006
BNPAH_21962,63,1.147,0.04720425,1.154,-0.007
BNPAH_22660,64,1.102,0.00107036,1.113,-0.011
BNPAH_24723,67,1.273,0.00019134,1.284,-0.011
BNPAH_24823,67,1.178,0.00088769,1.24,-0.062
BNPAH_25754,69,1.433,0.04812983,1.441,-0.008
BNPAH_27057,71,1.776,0.00733095,1.768,0.008
BNPAH_27333,71,1.816,0.02984379,1.834,-0.018
BNPAH_29706,75,1.606,0.04010454,1.633,-0.027
BNPAH_30280,76,1.37,0.00629843,1.414,-0.044
BNPAH_30372,76,1.084,0.00181771,1.138,-0.054
BNPAH_30441,76,1.477,0.00449794,1.522,-0.045
BNPAH_30545,76,1.317,0.00036413,1.366,-0.049
BNPAH_30549,76,1.061,0.00096429,1.134,-0.073
BNPAH_30552,76,1.563,0.01346894,1.607,-0.044
